611,"100,300",,"100,000"
611,"7,200","2,400","7,500"
611,"3,000","5,000","5,000"
611,"120,700","100,000","120,000"
611,"7,600","60,000","30,000"
611,"5,700","8,200","8,000"
611,,,
611,700,,938
611,600,"2,000",804
611,,,
611,"124,000","130,000","130,000"
611,"10,600","10,000","13,260"
611,"34,200","66,400","32,980"
611,"27,300","30,000","33,320"
611,,,
611,"13,400","12,400","13,000"
611,"486,400","550,000","550,000"
611,,,
611,"24,600","220,000","220,000"
611,"542,900","500,000","500,000"
611,,,
611,,,
611,"145,600","150,000","150,000"
611,,,
611,,,
611,"172,700","175,000","200,000"
611,,,
611,"60,600","80,000","120,000"
"611 סה""כ","1,888,100","2,101,400","2,234,802"
612,900,900,900
612,,,
612,"60,800","74,500","63,650"
612,,,
612,"3,600","3,500","3,910"
612,"6,400","10,000","20,000"
612,"101,100","100,000","110,000"
612,,"9,600",
"612 סה""כ",172800,"198,500",198460
613,,,
613,,,
613,,,
613,,,
613,,,
613,,,
613,,,
613,,,
613,300,"2,000",300
613,"1,700",,"1,700"
613,100,"2,900",
613,"3,300","20,500","2,948"
613,"26,500","3,500","3,082"
613,"56,700","70,000","62,712"
613,,,
613,"7,900","8,000","8,840"
613,,,
613,"2,900","2,600",900
613,"5,100","5,000","5,000"
613,,,
613,"162,600","250,000","250,000"
613,,,
"613 סה""כ",267100,364500,335482
614,,,
614,"6,900","13,500","13,500"
614,,,
614,,,
614,,,
614,,,
614,"558,600","600,000","600,000"
614,"200,000","197,500","190,000"
614,"8,400",,"8,000"
614,,,
614,,,
614,,,
614,"15,900","17,000","10,000"
"614 סה""כ","789,800","828,000","821,500"
615,"6,000","7,200","7,000"
615,"2,300",,"2,000"
615,800,"1,500","1,000"
615,"72,300","64,000",
615,"46,800","55,500","52,260"
615,"44,100","8,800","43,010"
615,"7,100","6,000","7,990"
615,"38,700","35,000","52,700"
615,"2,800","2,000","3,000"
615,,"2,500",
615,"943,600","900,000","900,000"
615,"31,700","25,000","25,000"
615,"23,900","140,000","80,000"
615,"244,900","230,000","230,000"
615,"28,400","65,000","65,000"
615,"657,300","620,000","660,000"
615,"862,400","800,000",
"615 סה""כ","3,013,100","2,962,500",2128960
616,"180,800","200,000","200,000"
616,"9,600",,
616,,,
616,,,
616,"38,200","46,900","44,488"
616,"8,600","11,300","8,500"
616,"4,900","5,700","5,440"
616,"27,300","29,900","33,320"
616,,,
616,,,
616,,,
616,"1,374,600","1,400,000","1,400,000"
"616 סה""כ","1,644,000","1,693,800","1,691,748"
617,"2,100","1,500","2,000"
617,"6,000","16,100","16,100"
617,"52,000","66,000","58,692"
617,"2,000","4,600","4,600"
617,"8,400","7,600","9,350"
617,,,
617,"7,000","7,500","10,000"
617,"27,500","30,700","31,000"
617,"243,100","600,000","600,000"
617,"839,500","800,000","800,000"
617,,,
617,"3,431,500","2,150,000","2,150,000"
"617 סה""כ","4,619,100","3,684,000","3,681,742"
618,,,
618,,,
"618 סה""כ",0,0,0
619,,,
"619 סה""כ",0,0,0
621,,,
621,800,,
621,,,
621,800,,"1,072"
621,"60,400","52,600","56,280"
621,"24,000","15,000","25,160"
621,"8,900","6,700","9,350"
621,100,300,
621,"29,400","28,100","30,000"
621,"109,800","65,700","100,000"
621,"157,200","177,300","160,000"
621,"2,015,400","1,600,000","1,600,000"
621,,,
621,"373,400","500,000","2,000,000"
621,"1,300","1,500",
621,"29,300","27,000","15,000"
"621 סה""כ","2,810,800","2,474,200","3,996,862"
623,"5,800","6,700","6,000"
623,"23,400","47,200","47,000"
623,,,
623,400,600,510
623,"13,200","13,700","14,450"
623,"44,400","37,000","50,000"
623,,,
623,"73,900","95,800","90,000"
623,"1,203,500","1,357,000","1,300,000"
623,"354,100","360,000","360,000"
623,"353,300","700,000","400,000"
623,,,
623,"2,725,900","4,500,000","4,000,000"
623,,,
"623 סה""כ",4797900,7118000,6267960
631,"3,268,400","3,060,800","3,300,000"
631,"215,400","232,300","235,000"
"631 סה""כ","3,483,800","3,293,100","3,535,000"
632,"10,600","333,800","50,000"
632,"564,800","374,400","195,000"
632,,,
"632 סה""כ",575400,708200,245000
649,,,
649,,,
649,"15,141,400","15,691,300","15,063,648"
649,"6,699,800","7,456,200","7,157,952"
649,"5,197,200","4,290,900","4,119,264"
649,,,
649,"6,342,700","6,813,900","6,541,344"
649,"3,290,700","4,035,700","3,874,272"
649,"1,529,900","1,109,400","1,065,024"
"649 סה""כ","38,201,700","39,397,400","37,821,504"
711,"1,500","3,000","1,500"
711,"43,500","40,000","46,920"
711,,,
711,,"20,000",
711,"9,100","12,000","15,000"
"711 סה""כ","54,100","75,000","63,420"
712,"257,800","120,000","324,012"
712,,,
712,,,
712,,900,
712,"312,800","330,000","200,000"
712,,,
712,,,
712,,,
712,"7,929,100","9,000,000","9,400,000"
712,"85,000","90,000","90,600"
712,"714,800","900,000","740,752"
712,"1,253,500","900,000","1,200,000"
712,"70,200","140,000","67,536"
712,"504,100","550,000","560,982"
712,"5,900","7,000","5,780"
712,,,
712,"5,100","6,000","6,000"
712,,,
712,,"30,000",
712,"61,500","150,000","200,000"
712,"25,595,400","23,000,000","27,000,000"
712,,,
712,,,
"712 סה""כ",36795200,35223900,39795662
713,,,
713,,,
713,"9,700","11,300","5,000"
713,,,
"713 סה""כ",9700,11300,5000
714,"121,900",,"80,000"
714,,,
714,400,"1,000",
714,"5,900","5,000","7,906"
714,"21,100","17,000","16,884"
714,"4,000","5,000","2,948"
714,"38,200","38,100","46,498"
714,"32,300","39,100","38,080"
714,"5,900","7,000","5,950"
714,"11,000","12,000","12,000"
714,"13,200","15,000","10,000"
714,,,
714,"2,100","1,000","1,700"
714,,,
714,800,"1,400",
714,"108,100","100,000","200,000"
714,"81,800","118,800","20,000"
714,,,"30,000"
714,"171,900","184,000","184,000"
"714 סה""כ","618,600","544,400","655,966"
715,"2,100","45,000","30,000"
"715 סה""כ","2,100","45,000","30,000"
721,,,
721,"1,600","1,200","2,000"
721,"10,000","12,600","13,000"
721,"3,700",800,"4,958"
721,,,
721,"188,100","109,200","226,728"
721,"5,500","7,100","5,100"
721,"29,400","26,500","29,920"
721,,,
721,"5,500",900,
721,"87,800","100,000","100,000"
721,,,
721,"1,200","2,000","10,000"
721,,,
721,"19,000","13,100","13,000"
"721 סה""כ","351,800","273,400","404,706"
722,,,
722,,,
722,,,
722,,,
722,"2,100","2,700","2,040"
722,"8,000","7,300","8,840"
722,,"24,200","24,000"
722,"11,700","23,000","23,000"
"722 סה""כ","21,800","57,200","57,880"
723,"103,300","123,100","107,400"
723,,,
723,"7,000",,"9,380"
723,"30,500","30,000","30,000"
723,,,
723,"35,900","40,000","40,000"
723,"517,400","590,300","530,000"
"723 סה""כ","694,100","783,400","716,780"
724,"1,565,100","1,600,000","1,600,000"
"724 סה""כ","1,565,100","1,600,000","1,600,000"
725,"17,400","1,200","35,000"
"725 סה""כ","17,400","1,200","35,000"
731,"13,400","13,000","13,000"
731,,,
731,"5,100","5,000","8,000"
731,"1,000",,"1,340"
731,"140,700","164,800","165,000"
731,"3,200","1,500","3,500"
731,"41,700","33,900","44,540"
731,"27,300","32,400","33,320"
731,"33,600","33,900","33,900"
731,"37,300","50,000","50,000"
731,"275,800","300,000","300,000"
731,"172,400","190,000","200,000"
731,"302,800","500,000","1,000,000"
731,,,
731,,,
"731 סה""כ",1054300,1324500,1852600
732,,"160,000","100,000"
"732 סה""כ",0,"160,000","100,000"
733,,,
"733 סה""כ",0,0,0
741,,400,
741,"18,100","10,500","18,626"
741,,,
"741 סה""כ",18100,10900,18626
742,"46,400","33,700","61,908"
742,"123,400","89,400","95,676"
742,"70,200","28,900","84,688"
742,"17,100","125,600","10,318"
742,,,
742,,,
742,,,
742,,,
"742 סה""כ",257100,277600,252590
743,"12,400","6,800","16,616"
743,"51,700","43,400","41,808"
743,"3,000","8,500","4,020"
743,"2,842,400","2,844,500","3,000,000"
"743 סה""כ","2,909,500","2,903,200","3,062,444"
744,"233,000","285,000","230,000"
744,"198,500","210,000","250,000"
744,,,
744,,,
744,,"11,300",
744,"31,400","33,400","33,000"
744,"1,679,900","800,000","800,000"
744,"152,600","400,000","100,000"
744,,,
744,"161,100","283,000","210,000"
"744 סה""כ","2,456,500","2,022,700","1,623,000"
745,,,
745,"307,300","305,300","305,300"
745,"19,200","30,000",
745,"95,700","100,000","100,000"
745,,,
745,,,
745,,,
745,"79,600","75,000","95,000"
745,"692,300","866,700","800,000"
745,"373,900","222,000","220,000"
745,,,
745,"1,596,400","1,760,000","1,800,000"
"745 סה""כ","3,164,400","3,359,000","3,320,300"
746,"26,300","19,900","27,750"
746,"2,500","1,500",
746,"44,000","40,300","55,074"
746,"99,200","86,700","86,966"
746,"43,400","18,500","52,796"
746,"42,000","39,100","47,302"
746,"15,400","5,700","6,460"
746,"294,000","264,900","369,920"
746,"8,700","7,700","7,000"
746,"28,300","27,700","27,000"
746,"52,900","69,900","70,000"
746,"5,100","4,900","5,000"
746,"4,930,100","5,035,200","5,200,000"
746,,,
746,"9,700","11,100","10,000"
746,,,
746,"26,700","13,200","45,000"
"746 סה""כ","5,628,300","5,646,300","6,010,268"
749,,,
749,,,
749,"2,400","7,000","3,216"
749,200,,
749,,,
749,"2,900","21,900","10,000"
749,"3,900","4,500","4,500"
749,"25,300","18,800","19,000"
749,"9,700","10,000","6,000"
749,"39,200","51,000","100,000"
749,,,
749,"109,400","100,000",
749,,,"200,000"
749,,,
"749 סה""כ",193000,213200,342716
751,"984,600","950,000",
751,"299,800","300,000",
"751 סה""כ","1,284,400","1,250,000",0
754,,,
754,,,
754,,,
754,"97,000","100,000","100,000"
"754 סה""כ","97,000","100,000","100,000"
761,"28,100",500,"6,600"
761,,"5,200",
761,"89,000","57,200","106,798"
761,"19,700","17,200","21,420"
761,"6,600","15,500","6,120"
761,"46,400","80,000","80,000"
761,,,
761,"935,500","900,000","950,000"
761,200,,
"761 סה""כ",1125500,1075600,1170938
762,"500,900","500,000","525,816"
762,"3,022,400","3,500,000","3,600,000"
"762 סה""כ","3,523,300","4,000,000","4,125,816"
764,,,
764,"7,300","5,400","9,520"
764,,,
764,,,
764,"10,400","8,000","10,000"
"764 סה""כ","17,700","13,400","19,520"
765,"45,000","48,600","49,000"
765,"21,900","310,000","310,000"
"765 סה""כ","66,900","358,600","359,000"
766,,,
766,"27,300","29,900","33,320"
766,"1,310,500","1,400,000","1,400,000"
766,,,
"766 סה""כ",1337800,1429900,1433320
767,"406,300","416,900","420,000"
767,"2,202,400","1,500,000","2,000,000"
767,"662,400","1,180,800","1,200,000"
767,"381,000","341,900","342,000"
767,"111,800",,"65,000"
767,"28,000",,"18,000"
767,"22,300",,"15,000"
"767 סה""כ","3,814,200",3439600,"4,060,000"
781,"20,100","20,300","20,000"
781,,,
"781 סה""כ",20100,20300,20000
782,,,
782,"16,500","9,300","30,000"
782,,,
"782 סה""כ",16500,9300,30000
797,,,
797,"59,900","60,000","60,000"
"797 סה""כ","59,900","60,000","60,000"
811,,,
811,,,
811,,,
811,"6,800","8,200","6,000"
811,"288,900","122,600","300,000"
811,600,300,804
811,"51,700","50,300","62,444"
811,"17,300","9,000","16,150"
811,"67,000","62,400","70,380"
811,"45,800","29,900","64,600"
811,"20,100","4,800","5,000"
811,"6,600","8,900","10,000"
811,"185,800","145,700","180,000"
811,"39,300","41,300","41,300"
811,"81,400","72,000","72,000"
811,,,
811,"237,700","250,000","250,000"
811,"387,400","400,000","400,000"
811,"77,300","60,000","60,000"
811,"842,400","900,000","1,837,000"
811,"196,500","200,000","200,000"
811,"35,100","40,000","40,000"
811,"560,500","540,000","540,000"
811,"166,600","200,000","200,000"
811,"1,500",600,"2,000"
811,,,
811,,,
811,,,
811,"1,000",200,"1,000"
811,"31,900","35,400","35,000"
"811 סה""כ","3,349,200","3,181,600","4,393,678"
812,"505,400","415,300","505,000"
812,"68,100","68,000","68,000"
812,"535,900","538,900","600,000"
812,"168,800","167,000","210,000"
812,,,
812,,,
812,"20,300","18,000","18,000"
812,,,
812,"97,800","98,700","89,420"
812,,,
812,"34,900","32,000","32,000"
812,"568,400","600,000","700,000"
812,"2,500",,
812,"7,000,000","7,000,000","7,000,000"
812,"618,800","600,000","620,000"
812,,,
812,"200,000","200,000","200,000"
812,,,
812,"2,400","2,400","2,400"
812,,,
812,,,
812,"647,100","600,000","600,000"
812,"10,779,400","10,000,000","11,000,000"
812,,,
812,"26,000","30,600","30,000"
812,,,
812,,,
812,"51,600",,"48,000"
812,,,
812,"2,000",,"2,000"
812,,,
812,,,
812,600,,600
812,,,
812,,,
812,200,,200
812,,,
812,,,
812,200,,200
812,"1,200","5,400",200
812,200,,200
812,,,
812,,,
812,"17,800","15,100","30,000"
812,200,,
812,,,
812,"45,500","46,000","46,000"
"812 סה""כ","21,395,300","20,437,400","21,802,220"
813,,,
813,"464,100","550,000","550,000"
813,"197,900","125,600","200,000"
813,"88,800","100,000","100,000"
813,,,
813,"172,700","180,000","180,000"
813,,,
813,"19,700","10,900","13,260"
813,"5,600","6,400","6,400"
813,,,
813,"87,500","4,200","87,500"
813,,,
813,"498,400",,"550,000"
813,,,
813,,,
813,"684,000","541,600","680,000"
813,,,
813,"102,900","100,000","100,000"
813,"717,100","814,000","814,000"
813,"152,900","250,000","250,000"
813,"210,600","220,000","220,000"
813,"3,446,200","2,200,000","2,500,000"
813,"113,500","150,000","150,000"
813,"120,100","109,600","106,800"
813,,,
813,,,
813,"29,800","28,000","28,000"
813,"58,800","36,500","36,500"
813,"393,700","404,200","400,000"
813,,,
813,,,
813,,,
813,"61,900","59,100","69,000"
813,,,
813,,,
813,"29,700","23,600","23,600"
813,"57,200","42,100","42,100"
813,"363,700","443,500","443,000"
813,,,
813,,,
813,"52,200","55,200","58,350"
813,"4,800",,
813,,,
813,"3,500","4,900","3,060"
813,"21,700","6,500","6,500"
813,"24,700","32,500","32,500"
813,"226,000","282,200","282,200"
813,,,
813,,,
813,,,
813,,,
813,,,
813,"7,400","6,700","6,700"
813,"40,600","10,900","11,000"
813,"111,800","110,800","110,800"
813,"6,900","8,000","8,000"
813,,,
813,"33,100","29,500","35,550"
813,,,
813,,,
813,"13,600","14,700","14,700"
813,"14,700","19,900","19,900"
813,,,
813,,,
813,"59,600","68,500","59,250"
813,,,
813,,,
813,"25,800","26,000","26,000"
813,"57,000","32,400","32,400"
813,"314,500","387,400","387,000"
813,,,
813,,,
813,,,
813,"38,300","41,500","42,300"
813,,,
813,,,
813,"15,900","16,600","16,600"
813,"18,800","22,700","22,700"
813,"215,500","267,200","267,200"
813,,,
813,,,
813,,,
813,"140,400","112,300","140,000"
813,,,
813,,,
813,"18,200","21,000","21,000"
813,"38,200","28,400","28,000"
813,"259,600","301,700","301,700"
813,,,
813,,,
813,,,
813,"257,700","294,600","280,000"
813,,,
813,,,
813,"28,300","28,600","28,600"
813,"57,600","37,100","37,100"
813,"393,400","424,800","424,800"
813,,,
813,,,
813,"38,900","42,100","44,700"
813,,,
813,,,
813,"26,500","24,600","24,600"
813,"30,100","32,800","32,800"
813,"336,600","296,700","313,000"
813,,,
813,,,
813,,,
813,"69,800","76,600","69,300"
813,,,
813,,,
813,"19,900","19,000","19,000"
813,"39,400","26,100","26,100"
813,"270,300","299,500","299,500"
813,,,
813,,,
813,"91,500","95,400","95,000"
813,,,
813,"88,000","69,600","89,700"
813,,,
813,,,
813,"15,800","17,500","17,500"
813,"18,300","24,200","24,200"
813,"239,800","260,600","260,000"
813,,,
813,,,
813,,,
813,,,
813,,,
813,,,
813,,,
813,"15,900","16,500","16,500"
813,"35,300","23,200","23,200"
813,"218,800","239,800","240,000"
813,,,
813,,,
813,,,
813,"57,500","60,000","60,000"
813,,,
813,,,
813,,,
813,,,
813,"21,100","21,500","21,599"
813,"24,500","29,900","29,900"
813,"297,300","317,500","317,000"
813,"2,200",,
813,,,
813,,,
813,"63,000","60,900","60,750"
813,,,
813,,,
813,"22,200","19,700","22,000"
813,"32,000","28,800","28,800"
813,,"260,800","260,800"
813,,,
813,,,
813,"71,800","58,000","71,100"
813,,,
813,,,
813,"12,700","13,300","13,300"
813,"16,000","18,400","18,400"
813,,,
813,"79,400","73,100","78,450"
813,"67,200","140,000","140,000"
813,,,
813,"30,300","30,200","30,200"
813,,,
813,,,
813,,,
813,,,
813,"53,200","50,900","53,700"
813,"2,300",,
813,,,
813,"17,300","17,300","17,300"
813,"19,200","23,800","23,800"
813,"12,900",,
813,,,
813,,,
813,,,
813,"76,400","96,800","72,300"
813,"85,900","102,300",
813,"11,700","11,400","11,400"
813,,,
813,,,
813,"44,500","45,100","42,900"
813,"36,000","42,700",
813,,,
813,"10,400","9,600","9,600"
813,,,
813,"54,700","114,000","114,000"
813,,,
813,"95,100","121,200","95,400"
813,,,
813,,,
813,"16,400","17,400","17,400"
813,"18,400","23,400","23,400"
813,"153,500","180,600","180,600"
813,"2,100",,
813,"49,400","55,000","55,000"
813,"7,000","6,400","6,400"
813,"30,000","30,000","30,000"
813,,,
813,"84,800","71,300","94,800"
813,"104,200","109,800","110,000"
813,,,
813,,,
813,"11,000","11,400","11,400"
813,"-118,900","49,100","49,000"
813,,,
813,,,
813,"62,700","70,000",
813,,,
813,"11,600","12,000","12,000"
813,,,
813,,,
813,,,
813,"132,900","9,600",
813,"10,200","23,200","23,200"
813,,,
813,"33,500","50,000",
813,"6,700","30,100","30,100"
813,"4,000","4,000","4,000"
813,"23,900","95,000","95,000"
813,,,
813,"13,000","13,000","13,000"
813,"17,300","9,000","9,000"
813,"194,900","193,000","193,000"
813,"57,200",,
813,"78,800","132,000",
813,"7,700","5,500","5,500"
813,"105,300",,"105,000"
813,"28,300","6,000","6,000"
813,"23,000","80,000",
813,"3,800",,"2,800"
813,"20,500",,"12,300"
813,"63,200","62,400","62,400"
813,,,
813,,,
813,"1,400",,
813,"22,800",,
813,,,
813,,,
813,"6,000",,
813,"3,800",,
813,,,
813,"37,300","41,300","41,300"
813,300,"2,400","2,400"
813,"7,000","7,000","7,000"
813,"127,500","27,100","27,100"
813,,,
813,"3,300","3,300","3,300"
813,,,
813,,,
813,"48,300","47,500","52,200"
813,,,
813,"68,900","55,300","115,000"
813,"9,800","7,900","8,160"
813,,,
813,"2,200","4,600","4,600"
813,,,
813,"66,300","72,000","70,000"
813,,,
813,"108,100","68,200","180,000"
813,,,
813,,,
813,"2,600","2,600","2,600"
813,"13,000","11,100","11,100"
813,,,
813,"31,400","39,600","39,600"
813,,,
813,,,
813,,"2,000",
813,,,
813,,,
813,"2,200","1,900","2,040"
813,,,
813,,,
813,,,
813,"20,600",,"40,000"
813,"143,600","190,200","200,000"
813,"8,300","12,000","7,820"
813,"5,500","4,600","4,600"
813,"17,300","19,600","19,600"
813,"31,700",,"30,000"
813,"3,500","6,600","6,600"
813,"156,500","260,000","260,000"
813,"172,000",,
813,"1,500","1,800","1,800"
813,"47,200","49,800","57,300"
813,,,
813,"1,800","9,600","9,600"
813,"13,700","13,600","13,600"
813,,,
813,,,
813,,"1,200","2,000"
"813 סה""כ",15890100,"14,735,300","15,812,489"
814,,,
814,"87,600","97,000","88,050"
814,,,
814,,,
814,,,"300,000"
814,"1,000",,
814,,,
814,"32,000","50,000","120,000"
"814 סה""כ","120,600","147,000","508,050"
815,"46,300","57,700","57,700"
815,"247,000","265,000","265,000"
815,,,
815,,,
815,"275,000","275,000","275,000"
815,"152,400","160,000","160,000"
815,,,
815,,,
815,"936,500","508,400","508,000"
815,"16,300",,
815,"82,900","100,000","100,000"
815,,,
815,,,
815,,,
815,"18,800","22,200","22,200"
815,"23,300","23,300","23,300"
815,"520,800","532,300","532,300"
815,,,
815,"254,700","265,000","265,000"
815,"150,000","150,000","150,000"
815,"55,800","50,000","53,700"
815,,"20,000","150,000"
815,,,
815,,,
815,"1,000",,"120,000"
815,"400,000","400,000","400,000"
815,"24,300","27,000","26,400"
815,,,
815,"500,000","500,000","570,000"
815,,,
815,,"60,000","60,000"
815,"35,300","20,000",
815,"50,000","50,000","50,000"
815,"14,000",,"10,000"
815,"80,000","80,000","80,000"
815,,600,
815,"103,900","130,700","130,000"
815,,,
815,,,
815,,,
815,"112,100","92,700","300,000"
815,"17,300","24,500",
815,"202,000","215,300","220,000"
815,,,
815,,,
815,"275,000","275,000","275,000"
815,"138,600","170,700","170,700"
815,,,
815,,,
815,"911,300","643,600","643,000"
815,"15,600",,
815,"94,600","100,000","100,000"
815,"187,200","181,000","181,000"
815,,,
815,"66,500","77,200","70,000"
815,,,
815,,,
815,"16,900","16,900","16,900"
815,"-28,800","166,800","167,000"
815,,,
815,"283,300","185,000","185,000"
815,"78,900","100,000","100,000"
815,,,
"815 סה""כ",6358800,5945900,6437200
816,"43,500","150,000","150,000"
816,"32,500","41,000","41,000"
816,,,
816,"11,300","15,000",
816,,,
816,"2,600","2,700","2,550"
816,"15,000","15,000","150,000"
816,,,
816,"9,700","50,000","50,000"
"816 סה""כ","114,600","273,700","393,550"
817,"5,000","3,700","6,700"
817,"6,000",900,"5,494"
817,"8,800","14,900","8,040"
817,"28,500","24,000","23,584"
817,,,
817,"3,429,900","3,800,000","3,900,000"
817,"128,900","150,500","150,000"
817,,,"100,000"
817,"79,800","86,000","79,650"
817,"8,100","19,900","5,200"
817,"9,300","9,200","7,820"
817,"30,600","22,000","22,000"
817,,,
817,,,"220,000"
817,"200,300","269,100","49,100"
817,"419,200","362,100","407,500"
817,"1,800","2,100","2,100"
817,,,
817,"1,100","2,300","2,300"
817,"6,800","3,600","3,600"
817,"32,800","34,400","35,360"
817,"8,700","7,600","7,600"
817,"9,000","9,000","9,000"
817,"56,900","66,200","66,200"
817,,,
817,"40,000","75,000","60,000"
817,,,
817,,,
817,,,
817,"721,100","680,000","730,000"
817,,,
817,,,
817,,,
817,"1,214,500","1,522,700","1,550,000"
817,,,
817,,,
817,"1,874,800","1,580,000","1,700,000"
817,"1,652,500","2,200,000","2,200,000"
817,"3,885,700","3,000,000","3,600,000"
817,"5,016,100","7,000,000","6,200,000"
817,"17,400","7,000","17,000"
817,,,
"817 סה""כ",18893600,20952200,21168248
818,"105,200","226,000","133,650"
818,,,
818,"8,900","8,500","8,500"
818,"7,600","1,900","6,460"
818,,,
818,"180,000","180,000",
818,"91,500","3,700","3,700"
818,,,
"818 סה""כ",393200,420100,152310
822,"16,700","24,400","14,400"
822,,,
822,"2,000",,"2,210"
822,"13,500","16,700","14,960"
822,,,
822,,,
822,"9,200","7,900","4,000"
822,"130,000","130,000",
822,"28,800","31,400","30,000"
822,"50,000","50,000","3,860,000"
822,"700,700","700,000","4,607,000"
822,,,"1,471,000"
822,,,
822,,,
"822 סה""כ",950900,960400,10003570
823,"3,800","4,400",
823,"64,100","84,800","57,150"
823,"119,200","118,900","118,900"
823,,,
823,"5,600","7,300","5,440"
823,"981,700","1,220,000","1,220,000"
823,"105,700","80,000","80,000"
823,"110,100","140,000","140,000"
823,,,
823,"83,000","81,000","81,000"
823,,,
823,,,
823,,,
823,"170,000","170,000",
823,,,
"823 סה""כ",1643200,1906400,1702490
824,"705,300","473,000","473,000"
824,"794,000","818,000","821,550"
824,"1,300","1,100","1,190"
824,,,
824,,,
824,"566,700","860,000","860,000"
824,,,"120,000"
824,"400,000","400,000","400,000"
824,"153,200","150,000",
824,"9,000","35,200","35,200"
824,"387,400","380,000","320,000"
824,"300,000","300,000","300,000"
824,"1,999,200","2,000,000","2,000,000"
824,,,
"824 סה""כ",5316100,5417300,5330940
825,"55,000","64,000","64,000"
825,,,
825,"4,800","5,700","5,700"
825,"377,500","377,500",
825,,,
825,"60,000","60,000",
825,"315,000","315,000",
825,,,
"825 סה""כ",812300,822200,69700
826,,,
826,,,
826,"652,800","615,000",
826,,,
826,"160,000","160,000",
826,"590,300","535,000",
826,,"150,000",
826,"251,400","260,000","260,000"
826,,"8,000","8,000"
826,"25,800","60,000","60,000"
826,,,
826,"2,100","3,700","3,700"
826,,,
826,"71,500","69,000","78,000"
826,,,
826,"537,000","537,000",
826,,,
826,,,
826,,"12,400",
826,"429,900","475,000",
826,"619,300","240,000","240,000"
826,,,"50,000"
826,"40,400","60,000","60,000"
826,,,
826,"33,700","35,000","35,000"
826,"3,500","1,700","1,700"
826,"7,700","8,200",
826,"1,200",,
826,,,
826,"180,400","200,000",
826,,,
826,"99,000","88,500","108,000"
826,"17,800","19,200","19,200"
826,"3,000","3,600","3,600"
826,,,
826,"21,400","36,000","36,000"
826,,,
826,"54,600","63,500","55,000"
826,,,
826,,,
826,"377,000","377,000",
826,"22,000","20,000","20,000"
826,"100,900","100,000",
826,"99,200","100,000",
826,"1,398,200","1,400,000",
826,"546,600","630,000",
826,"1,199,000","1,250,000",
"826 סה""כ","7,545,700","7,517,800",1038200
827,,,
827,,,
827,,,
827,"931,000","980,000","980,000"
827,"564,500","600,000","600,000"
827,"414,400","400,000","400,000"
"827 סה""כ","1,909,900","1,980,000","1,980,000"
828,,"73,000","73,000"
828,"1,688,500","1,680,000",
828,"177,800","270,000","2,548,904"
828,"365,600","450,000",
828,"99,600","100,000",
"828 סה""כ","2,331,500","2,573,000",2621904
829,"363,800","361,400","361,400"
829,,,
829,,,
829,"1,600","2,700","2,700"
829,,,
829,"65,900","65,000","1,323,100"
829,"13,700","15,000",
829,"40,000","40,000",
829,"140,000","172,100",
829,"157,700","170,000",
829,"31,200",,
829,"103,400","125,000",
829,"390,000","390,000",
829,"369,200","361,000",
829,,,
829,800,900,900
829,,,
829,,,
829,"2,800","2,800","2,800"
829,,,
829,,,
829,"25,900","25,900","25,900"
829,,,
829,,,
829,,,
829,100,,
829,,,
829,"4,300","5,600","5,600"
829,,,
829,,,
829,"1,900",500,500
829,500,600,600
829,,"17,600","17,600"
829,,,
829,,,
829,"1,900","2,000","2,000"
829,,,
829,"17,300","11,500","11,500"
829,"2,200","2,200","2,200"
829,,,
829,"303,800","500,000","500,000"
829,,,
829,"116,400",,"116,000"
"829 סה""כ","2,154,400",2271800,"2,372,800"
832,"72,000","82,500","72,000"
832,,,
832,"18,300","25,300","17,340"
832,,,
832,,,
"832 סה""כ",90300,107800,89340
836,"139,300","272,200","272,200"
"836 סה""כ","139,300","272,200","272,200"
837,"746,000","340,000","540,000"
"837 סה""כ","746,000","340,000","540,000"
841,,,
841,"195,600","200,000","200,000"
841,"20,100","25,000","25,000"
841,,,
841,,,
841,,,
841,,,
841,"1,266,100","700,000","400,000"
841,,,
841,"177,500","215,000","198,000"
841,"11,900","15,200","15,000"
841,,,
841,,,
841,"101,400","100,000","110,000"
841,"33,100","25,000","31,790"
841,"27,300","30,000","33,320"
841,"2,300","2,300","2,300"
841,"8,200","6,000","7,000"
841,"127,300","120,000","120,000"
841,"69,100","101,000","80,000"
841,,,
841,"294,600","240,000","365,000"
841,"26,800","25,000","25,000"
841,"91,400","95,000","95,000"
841,,,
841,,,
841,,,
"841 סה""כ",2452700,1899500,1707410
842,"128,500","110,700","124,000"
842,"153,400","144,000","150,000"
842,"277,100","400,000","400,000"
842,,,
842,,,
842,,,
842,,"27,000","13,333"
842,"287,100","278,900","285,200"
842,,,
842,"50,700",,"107,000"
842,,,
842,"327,600","286,900","372,000"
842,,,
842,"8,900","16,000","20,000"
842,,,
842,,,
842,,,
842,,,
842,,"20,000",
842,"29,900","40,000","53,333"
"842 סה""כ","1,263,200","1,323,500","1,524,866"
843,,,
843,"91,900","100,400","100,400"
843,"760,100","230,000","770,666"
843,"227,800","200,000","220,000"
843,"210,400","332,000","368,000"
843,"667,900","600,000","660,000"
843,"36,400","26,500","40,000"
843,,,
843,,,
843,,,
843,"49,400","43,000","43,000"
843,"29,100","15,000","30,000"
843,"178,300","235,000","213,733"
843,"26,800","21,300","29,733"
843,"4,100","5,000","5,000"
843,,,
843,,"3,500","3,500"
843,,,
843,,"28,100","6,750"
843,"6,824,500","7,943,000","7,200,000"
843,"427,500","427,500","445,500"
843,,,
843,"2,875,400","2,600,000","3,100,000"
843,,,
"843 סה""כ",12409600,12810300,13236282
844,,,
844,,"4,000",
844,"4,022,000","3,948,100","4,400,000"
844,"6,900","24,000","18,667"
844,,,
844,"15,800","15,500","15,500"
844,"116,600","100,000","113,000"
844,"147,200","6,000","10,000"
844,"81,500","263,100","251,333"
844,,,
844,,,
844,"1,600","2,500","2,200"
844,"20,000",,"12,000"
844,"110,000","100,000","110,000"
844,,,
844,"61,800","52,000","67,000"
844,,,
844,"66,700","50,000","70,000"
844,"22,700","50,000","50,000"
844,,,
844,,,
844,"483,800","520,000","520,000"
844,"388,500","450,000","415,000"
"844 סה""כ","5,545,100","5,585,200","6,054,700"
845,,,
845,,,
845,"14,191,200","14,000,000","15,600,000"
845,"2,833,600","3,260,500","3,091,200"
845,"1,010,600","916,100","1,200,000"
845,,,
845,"191,400","215,000","287,040"
845,"36,800","16,600","32,000"
845,,,
845,,,
845,"580,900","400,000","765,450"
845,,,
845,"328,800","220,000","371,550"
845,,"1,600",
845,"23,800","21,500","25,650"
845,"23,600","19,100","24,300"
845,"17,100","18,000","17,550"
845,,,"220,000"
845,,,
845,,,
845,,,
845,,,
845,900,"1,800","1,800"
845,"125,300","95,000","140,000"
845,"130,900","125,000","150,000"
845,,,
845,,,
845,"3,500","4,400","3,230"
845,"6,000","5,500","5,500"
845,"1,023,700","1,638,100","1,130,000"
845,,,
845,,,
845,900,900,"1,020"
845,,,
845,,,
845,"89,300","90,000","110,000"
845,"946,500","992,600","1,044,000"
845,"23,700","17,800","27,000"
845,,,
845,,,
845,,,
845,,,
845,,,
845,,,
845,"1,900","32,700","10,000"
845,"74,600","70,000","85,000"
845,"9,700","10,000","15,000"
845,"3,000","4,400","4,650"
845,"6,200","105,000","12,000"
845,,,
845,,,
845,,,
845,,,
845,,,
"845 סה""כ",21683900,22281600,24373940
846,"22,100","26,800","22,500"
846,,,
846,"16,000","26,200","28,000"
846,,,
846,"3,900","9,300","9,000"
846,,,
846,,,
846,"69,400","92,000","79,200"
846,"6,800","38,700","15,000"
846,"197,000","210,800","216,300"
846,,,
846,"5,660,400","5,790,000","6,200,000"
846,"215,500","216,000","242,100"
846,,,
846,,,
846,,,
846,"229,400","250,000","260,000"
846,"1,100",,
846,"300,500","252,600","314,000"
846,"66,100","110,000","100,000"
846,,,
846,"31,000","36,300","35,700"
846,"329,900","340,000","360,000"
846,"347,200",,"330,600"
846,"209,900","354,800","314,850"
846,"9,400","7,500","13,333"
846,"66,400","100,000","61,350"
846,"3,700","2,000","4,000"
846,"32,800","20,000","40,000"
846,"55,500","95,000","60,000"
846,"24,100","32,000","32,000"
846,"6,200",,"30,000"
846,"36,300","15,000",
846,,,
846,"33,900",,"15,000"
846,"84,500","144,000","123,000"
846,"67,600","100,000","100,000"
"846 סה""כ","8,126,600","8,269,000","9,005,933"
847,,,
847,"205,100","150,000","210,000"
847,,,
847,,,
847,,,
847,"293,400","293,300","293,000"
847,"335,000","480,000","350,000"
847,,,
847,"40,700","68,000","61,050"
847,,,
847,,"24,000",
847,"186,500","320,000","220,000"
847,,,"250,000"
847,"127,600","91,400","156,750"
847,,,
847,,"18,000",
847,,,
847,"123,900","145,000","144,000"
847,"11,500","15,000","15,000"
847,,,
847,,,
847,"11,700","25,300","20,000"
847,"312,600","293,800","325,000"
847,,,
847,,,
847,,,
847,,,
847,,,
847,,,
847,"82,300","58,100","101,700"
847,,,
847,"94,500","176,000","180,000"
847,"7,200","5,500","8,400"
847,"238,700","330,000","260,000"
847,"23,200","17,600","27,450"
847,"30,800","26,000","28,000"
847,"45,200","46,000","40,000"
847,,,
"847 סה""כ",2169900,2583000,2690350
848,"10,800","6,000","10,800"
848,"20,300","43,000","19,000"
848,,,
848,,,
848,"9,700","10,000","9,150"
848,"9,400","10,700","10,000"
848,"2,700","4,000","4,000"
848,"69,000","29,300","84,000"
848,,,
848,"355,900","400,000","400,000"
848,,,
848,"137,900","12,000","130,300"
848,,,
848,,,
848,,,
"848 סה""כ",615700,515000,667250
849,"478,900","700,000","587,700"
849,,,
849,"86,100","90,200","93,750"
849,,,
849,,,
849,,,
849,"14,500","13,300","15,750"
849,,,
849,,,
849,,,
849,"59,500","48,100","63,450"
849,"430,900","400,000","471,750"
849,,,
849,"171,400","250,000","250,000"
849,"1,364,100","1,946,600","1,550,400"
849,"120,500","114,000","114,000"
849,,,
849,"71,900","50,000","88,200"
849,,,
849,"36,900","76,400","76,400"
849,"64,000","30,000","65,000"
849,,,
849,"38,500","60,000","60,000"
849,,,
849,"26,700",,"27,000"
849,,,
849,"25,200",,"27,300"
849,"19,500","22,700","23,250"
849,,,
849,,,
849,,,
849,"71,500","66,700","78,000"
849,"74,200","72,000","74,000"
849,"359,800","726,000","600,000"
849,"125,000","153,000","146,000"
849,"130,300",,"334,000"
849,"46,900","46,700","46,700"
"849 סה""כ","3,816,300","4,865,700","4,792,650"
851,"5,190,800","6,370,600","6,009,100"
"851 סה""כ","5,190,800","6,370,600","6,009,100"
856,,,
856,,,
"856 סה""כ",0,0,0
860,"37,300","55,000","40,000"
860,,,
860,"2,800","2,900","2,550"
860,"135,800","144,000","144,000"
860,"101,700","500,000","500,000"
860,"134,000","164,000","164,000"
860,,,
860,"204,600","250,000","250,000"
"860 סה""כ","616,200","1,115,900","1,100,550"
861,"107,600","110,500","110,000"
861,200,,
861,,,
861,"7,200","10,800","6,630"
861,"2,200","3,800","2,210"
861,,,
861,"193,500","124,200","124,000"
861,"659,000","459,100","460,000"
"861 סה""כ","969,700","708,400","702,840"
862,"2,300","49,800","3,082"
862,"1,196,600","1,000,000","1,000,000"
862,"7,200","10,500",
862,400,,
"862 סה""כ",1206500,1060300,1003082
879,,,
"879 סה""כ",0,0,0
880,,,
"880 סה""כ",0,0,0
911,"19,200","20,000","22,512"
911,"61,800","45,000","57,000"
911,"15,000","19,000","16,080"
911,"3,200",,"2,890"
911,"8,000","4,000","7,310"
911,,,
911,"77,200","80,000","80,000"
"911 סה""כ","184,400","168,000","185,792"
912,,,
912,,,
"912 סה""כ",0,0,0
913,,,
913,,,
913,"106,800","100,000","100,000"
913,"1,763,200","2,000,000","1,930,000"
913,,,
913,,,
913,,,
913,"-543,400","3,500,000","1,500,000"
913,"27,865,500","35,000,000","30,100,000"
913,"3,035,300","3,400,000","3,400,000"
913,,,
913,"428,400","600,000","600,000"
913,,,
913,,,
913,"-175,000",,
"913 סה""כ","32,480,800",44600000,37630000
931,"80,200","89,100","72,900"
931,,"22,200","22,200"
931,"5,000",900,"3,000"
931,"42,700","43,200","49,580"
931,"4,800","5,300","5,270"
931,900,900,900
931,"199,500","200,000","200,000"
931,,,
931,,,
"931 סה""כ",333100,361600,353850
932,"1,200",800,"2,000"
"932 סה""כ","1,200",800,"2,000"
933,"125,500","135,000","135,000"
933,,,
"933 סה""כ",125500,135000,135000
935,"15,000","40,000","40,000"
"935 סה""כ","15,000","40,000","40,000"
937,"278,700","315,300","261,150"
937,,,
937,,,
937,,,
"937 סה""כ",278700,315300,261150
938,"1,408,300","1,400,000","1,600,000"
938,"372,100","480,000","480,000"
938,"610,100","750,000","700,000"
938,"116,300","150,000","140,000"
938,"131,000","190,000","180,000"
938,"9,700","10,000","10,000"
938,"65,100","140,000","100,000"
938,,,
938,"13,000","3,900","6,700"
938,700,300,
938,"190,600","330,000","300,000"
938,"228,000","210,000","270,000"
938,"41,000","60,000","50,000"
938,"42,200","20,000","45,000"
938,"149,800","150,000","180,000"
938,"1,000",,
938,"202,300","400,000","250,000"
938,,,
938,,,
"938 סה""כ",3581200,4294200,4311700
940,,,
940,200,"4,000",
940,"158,100","170,000","140,030"
940,"10,000","20,000","7,638"
940,"33,400","15,000","17,688"
940,"177,700","240,000","191,888"
940,"5,600","7,000","5,270"
940,"17,900","20,000","19,720"
940,,,
940,"-7,100","17,000","17,000"
940,"106,700","170,000","135,000"
940,,,
940,,,
"940 סה""כ",502500,663000,534234
942,,,
942,,,
"942 סה""כ",0,0,0
943,200,200,150
943,"3,200",,
943,"5,200","15,000","3,484"
943,"29,600","20,000","34,000"
943,"4,500","5,000","6,030"
943,"52,400","250,000","58,290"
943,"1,300","1,500","1,360"
943,"32,400","28,000","34,170"
943,"76,100","35,000","116,110"
943,"1,500","1,500",
943,,,
943,"149,500","130,400","140,000"
943,"33,100","45,000","45,000"
943,"131,500","135,000","135,000"
943,"3,597,000","2,500,000","3,500,000"
943,,,
943,,,
"943 סה""כ",4117500,3166600,4073594
973,"11,624,100","9,600,000","11,550,000"
"973 סה""כ","11,624,100","9,600,000","11,550,000"
980,300,,
980,"3,900","4,400","3,910"
980,"5,000","4,300","4,760"
980,"6,300","5,400","5,400"
980,"47,400","45,000","45,000"
980,,,
"980 סה""כ",62900,59100,59070
990,"1,445,700","1,600,000","400,000"
"990 סה""כ","1,445,700","1,600,000","400,000"
991,,,
991,,,
"991 סה""כ",0,0,0
994,"3,484,400","3,500,000","3,500,000"
"994 סה""כ","3,484,400","3,500,000","3,500,000"
995,"51,000,000","51,000,000","51,000,000"
"995 סה""כ","51,000,000","51,000,000","51,000,000"
,,,
,,,
,,,
,,,
,,,
,,,
,,,
,,,
,,,
,,,
,,,
,,,
,,,
,,,
,,,
,,,
,,,
,,,
,,,
,,,
,,,
,,,
,,,
,,,
,,,
,,,
,,,
,,,
,,,
,,,
,,,
,,,
,,,
,,,
,,,
,,,
,,,
,,,
,,,
,,,
,,,
,,,
,,,
,,,
,,,
,,,
,,,
,,,
,,,
,,,
,,,
,,,
,,,
,,,
,,,
,,,
,,,
,,,
,,,
,,,
,,,
,,,
,,,
,,,
,,,
,,,
,,,
,,,
,,,
,,,
,,,
,,,
,,,
,,,
,,,
,,,
,,,
,,,
,,,
,,,
,,,
,,,
,,,
,,,
,,,
,,,
,,,
,,,
,,,
,,,
,,,
,,,
,,,
,,,
,,,
,,,
,,,
,,,
,,,
,,,
,,,
,,,
,,,
,,,
,,,
,,,
,,,
,,,
,,,
,,,
,,,
,,,
,,,
,,,
,,,
,,,
,,,
,,,
,,,
,,,
,,,
,,,
,,,
,,,
,,,
,,,
,,,
,,,
,,,
,,,
,,,
,,,
,,,
,,,
,,,
,,,
,,,
,,,
,,,
,,,
,,,
,,,
,,,
,,,
,,,
,,,
,,,
,,,
,,,
,,,
,,,
,,,
,,,
,,,
,,,
,,,
,,,
,,,
,,,
,,,
,,,
,,,
,,,
,,,
,,,
,,,
,,,
,,,
,,,
,,,
,,,
,,,
,,,
,,,
,,,
,,,
,,,
,,,
,,,
,,,
,,,
,,,
,,,
,,,
,,,
,,,
,,,
,,,
,,,
,,,
,,,
,,,
,,,
,,,
,,,
,,,
,,,
,,,
,,,
,,,
,,,
,,,
,,,
,,,
,,,
,,,
,,,
,,,
,,,
,,,
,,,
,,,
,,,
,,,
,,,
,,,
,,,
,,,
,,,
,,,
,,,
,,,
,,,
,,,
,,,
,,,
,,,
,,,
,,,
,,,
,,,
,,,
,,,
,,,
,,,
,,,
,,,
,,,
,,,
,,,
,,,
,,,
,,,
,,,
,,,
,,,
,,,
,,,
,,,
,,,
,,,
,,,
,,,
,,,
,,,
,,,
,,,
,,,
,,,
,,,
,,,
,,,
,,,
,,,
,,,
,,,
,,,
,,,
,,,
,,,
,,,
,,,
,,,
,,,
,,,
,,,
,,,
,,,
,,,
,,,
,,,
,,,
,,,
,,,
,,,
,,,
,,,
,,,
,,,
,,,
,,,
,,,
,,,
,,,
,,,
,,,
,,,
,,,
,,,
,,,
,,,
,,,
,,,
,,,
,,,
,,,
,,,
,,,
,,,
,,,
,,,
,,,
,,,
,,,
,,,
,,,
,,,
,,,
,,,
,,,
,,,
,,,
,,,
,,,
,,,
,,,
,,,
,,,
,,,
,,,
,,,
,,,
,,,
,,,
,,,
,,,
,,,
,,,
,,,
,,,
,,,
,,,
,,,
,,,
,,,
,,,
,,,
,,,
,,,
,,,
,,,
,,,
,,,
,,,
,,,
,,,
,,,
,,,
,,,
,,,
,,,
,,,
,,,
,,,
,,,
,,,
,,,
,,,
,,,
,,,
,,,
,,,
,,,
,,,
,,,
,,,
,,,
,,,
,,,
,,,
,,,
,,,
,,,
,,,
,,,
,,,
,,,
,,,
,,,
,,,
,,,
,,,
,,,
,,,
,,,
,,,
,,,
,,,
,,,
,,,
,,,
,,,
,,,
,,,
,,,
,,,
,,,
,,,
,,,
,,,
,,,
,,,
,,,
,,,
,,,
,,,
,,,
,,,
,,,
,,,
,,,
,,,
,,,
,,,
,,,
,,,
,,,
,,,
,,,
,,,
,,,
,,,
,,,
,,,
,,,
,,,
,,,
,,,
,,,
,,,
,,,
,,,
,,,
,,,
,,,
,,,
,,,
,,,
,,,
,,,
,,,
,,,
,,,
,,,
,,,
,,,
,,,
,,,
,,,
,,,
,,,
,,,
,,,
,,,
,,,
,,,
,,,
,,,
,,,
,,,
,,,
,,,
,,,
,,,
,,,
,,,
,,,
,,,
,,,
,,,
,,,
,,,
,,,
,,,
,,,
,,,
,,,
,,,
,,,
,,,
,,,
,,,
,,,
,,,
,,,
,,,
,,,
,,,
,,,
,,,
,,,
,,,
,,,
,,,
,,,
,,,
,,,
,,,
,,,
,,,
,,,
,,,
,,,
,,,
,,,
,,,
,,,
,,,
,,,
,,,
,,,
,,,
,,,
,,,
,,,
,,,
,,,
,,,
,,,
,,,
,,,
,,,
,,,
,,,
,,,
סכום כולל,394896200,410266200,417878804
