תקציב 2015,,,
,,,
מס' כרטיס,שם כרטיס,תקציב,ביצוע
1111100100,ארנונה כללית למגו,"299,334,405.00","298,246,144.53"
1111100102,הכנסות מהוצאות גבייה,"800,000.00","702,809.08"
1111100108,הנחות ארנונה,"43,500,000.00",
1121000220,תעודות ואישורים,"100,000.00","233,606.70"
1122000220,הכנסות מאגרת שילו,"5,500,000.00","5,570,821.44"
1180000220,הכנסות ממיחשוב,,"55,360.00"
1212300610,הכנסות מפינוי בקבוקים,"580,000.00",
1212300611,תמיר הכנסות מחזור אריזות,"650,000.00","566,851.89"
1212300690,הכנ ממכירת פחי אש,"4,000.00","1,336.80"
1214200220,פיקוח וטרינרי-אגר,"517,000.00","329,171.55"
1214200990,ממשלה לפקוח וטרינ,"280,000.00","158,888.00"
1221000910,"משא""ז משרד הפנים","10,000.00","12,303.00"
1222000220,אגרות שמירה,"4,560,000.00","5,258,797.07"
1222000990,שמירה ממשטרת ישרא,"3,774,000.00","3,413,800.51"
1223000440,"הג""א-מרשויות מקומ",,
1231000220,א. ההנדסה - הכנסו,"110,000.00","170,855.80"
1233100220,אגרת רשיונות בניה,"7,500,000.00","12,059,377.24"
1243000690,הכנסות מתשלום חשב,,"13,927.29"
1244000980,ממש לבטיחות בדרכי,,
1244500990,ממשלה לבטיחות בדר,"270,000.00","257,207.17"
1262000650,דמי הדבקת מודעות,"3,000.00","4,590.00"
1281000690,ברירת קנס חנייה,"10,000,000.00","13,995,508.87"
1282000440,הכנסות מרשויות לב,"835,000.00","819,623.00"
1282000690,בית משפט - קנסות,"75,000.00","39,275.28"
1282000691,רישוי עסקים לאחר,"120,000.00","27,566.10"
1282000692,קנסות חנייה לאחר,,-210.1
1282000693,קנס פיקוח כללי לא,"500,000.00","235,756.63"
1282000694,כפל אגרה,"125,000.00","77,983.70"
1291000220,היתרים רישוי עסקי,"200,000.00","132,580.20"
1312000690,השתתפות הורים לפנ,"1,200,000.00","1,326,170.50"
1312200220,אגרת חינוך גן חוב,"100,000.00","430,760.40"
1312204920,עוזרות גננות,"6,000,000.00","5,591,565.79"
1312207920,"השת' משה""ח גננות","7,751,000.00","7,707,358.32"
1312300410,שכל ג.ילדים טרום,,"91,358.50"
1312305920,"שכ""ל גני ילדים","18,500,000.00","20,335,114.66"
1312602920,ה.נלוות ח.מיוחד ג,"75,000.00","71,737.90"
1313200220,אג' חינוך מבתי ספ,"300,000.00","380,582.60"
1313200430,אג.תלמידי חוץ -שכ,"600,000.00","1,248,249.10"
1313200431,"שכ""ל מתלמידי חוץ","650,000.00","327,549.00"
1313200920,ניהול עצמי,"7,400,000.00","7,376,083.21"
1313206920,שרתים,"1,700,000.00","1,068,995.40"
1313207920,מזכירים,"650,000.00","272,095.00"
1313209920,שרתים ומזכירים בטכנודע,"200,000.00","205,835.44"
1313210920,"אגרת שיכפול +מתי""","600,000.00","609,822.95"
1313211920,סל תלמיד לעולה יס,"80,000.00","26,927.15"
1313212920,"שרתים מתי""א","44,230.00","45,645.73"
1313214920,"מזכירי מתי""א","89,000.00","91,741.23"
1313302920,"הוצ' נלוות ח,מיוח","800,000.00","678,026.03"
1313303920,"סייעות בי""ס חריגו","950,000.00","1,592,245.37"
1313305920,חוק שילוב סייעות,"3,775,000.00","4,317,138.04"
1313306920,שרותי היקף ח.מיוח,"160,000.00","161,080.68"
1313307920,סייעות כיתתיות,"3,420,000.00","3,036,309.73"
1313500410,החזרים ממוסדות מוכרים בגין הוצאות העירייה,"1,500,000.00","1,509,222.00"
1313500920,מזכירות ושרתים מוסדות מוכרים שאינם רשמיים,"1,667,800.00","1,240,620.00"
1313700920,השת ממש לחווה חקל,"185,000.00","262,939.14"
1314000920,מממשלה לחטיבות הב,"140,000.00","134,197.04"
1314700410,מהורים לחוגי העשר,,"1,440.00"
1315200920,ממש תיכון תחכמוני,"1,000,000.00","1,205,992.70"
1315200921,ממשלה למניעת נשירה,,
1316500920,הכנסות מתמיחות מי,"7,000.00",
1317100920,"ממשלה לקבט""ים","290,000.00","296,299.34"
1317103920,שומרים,"165,000.00","184,332.82"
1317200920,ממשלה לפסגה,"135,000.00","103,234.40"
1317300920,שרות פסיכולוגי חי,"2,700,000.00","2,760,334.61"
1317600920,ממשלה לרווחה חינו,"638,000.00","566,613.00"
1317600921,תוכנית תהל,"836,000.00","581,648.00"
1317600990,תוכנית שמידט,"464,000.00","434,284.00"
1317703920,"קבסי""ם","735,000.00","746,759.54"
1317800920,הסעת ילדים השתתפו,,"120,677.66"
1317802920,הסעות ח.מיוחד חיפ,"2,400,000.00","2,733,256.94"
1317803920,הסעות נט חיפה,"700,000.00","682,358.94"
1317804920,"ל.הסעות ח""מ חיפה","1,550,000.00","1,708,251.84"
1317900420,הכנסות שונות מחינ,,"2,160.00"
1317900920,השתת.ממשלה למועדו,,"-20,215.06"
1317900921,הכנסות שונות מחינוך,"1,300,000.00","1,742,798.00"
1317900922,הכנסות בגין שיפוצי קיץ,"520,000.00","503,717.04"
1321000920,עיר ללא אלימות,"519,500.00","641,222.00"
1322000920,הכנסות לתרבות,"20,000.00","141,612.75"
1322000922,תכנית שמידט בעמותה,"453,950.00","68,898.90"
1327000420,הכנסות פעילות חינוך תורני,"100,000.00","78,155.00"
1327000920,הכנסות ממשלה לתרבות תורנית,"210,000.00","132,046.00"
1329300920,ממשלה לפעילות ספו,"250,000.00","165,166.00"
1341000490,משרותי רווחה,"355,000.00","218,239.96"
1341000930,ממש למנהל רווחה,"8,290,500.00","8,123,790.00"
1341000932,הוצאות מנהליות,,"74,464.00"
1341000933,שיפוי בגין ניזקי הסופה,,
1342000490,טיפול במשפחה השתת,"380,000.00","322,985.50"
1342200930,השתתפות בשכר עובד,"516,000.00","736,677.00"
1342400930,השתתפות בשכר עובד,"675,000.00","642,039.00"
1342400931,טיפול באלכוהוליסט,"27,750.00","17,652.00"
1342400932,משפחות במצוקה בקה,"169,500.00","283,732.00"
1342400933,מס' ארציות דרי רח,"15,000.00",
1342400934,טיפול בפרט ובמשפחה,"3,750.00",
1342400935,טיפול בדרי רחוב,"820,000.00","703,525.00"
1342400936,תחנה לטיפול משפחתי,"60,000.00","155,000.00"
1342400939,טיפול במשפחות סיוע מיוחד למשפחות עם ילדים,"177,000.00","171,041.00"
1343500930,טיפול בהורים וילד,"164,100.00","153,192.00"
1343500931,יצירת קשר הורים י,"31,500.00","20,972.00"
1343500932,טיפול בילד בקהילה,"941,625.00","565,663.00"
1343500934,טיפול ילדים בסיכון והפעלת חוק סדר דין,"232,335.00","127,829.00"
1343500936,שכר טיפול בילד בקהילה,"333,375.00","334,130.00"
1343510930,השת'בשכר עוב' מרכז הורים וילדים,"352,500.00","426,819.00"
1343510931,השת' בשכר עובדי מרכז קשר,,
1343600935,שכר יצירת קשר,"68,250.00","91,092.00"
1343800420,אחזקת ילדים בפנימ,"500,000.00","613,625.18"
1343800930,ממש לטיפול בילד,"9,150,000.00","8,867,232.00"
1343800931,טיפול במשפחות אומ,"400,500.00","385,347.00"
1343800933,תכנית לאומית ילד,"247,500.00","352,206.00"
1343800934,תכנית לאומית לילד ונוער,"265,500.00","318,769.00"
1343900930,ילדים במעונות יום,"2,685,000.00","2,673,159.00"
1343900931,תוכנית לאומית נוע,"75,000.00","49,166.00"
1343900933,תכנית לאומית לנוער וצעירים,,
1343900934,תוכנית בשבילי,"75,000.00",
1343900935,טיפול בפגיעות מיניות,"153,750.00","150,194.00"
1344000420,מתושב לבתי אבות,"630,000.00","715,631.00"
1344300930,אחזקת זקנים במעונ,"3,542,500.00","2,342,897.00"
1344300931,שכונה תומכת,"300,000.00","278,646.00"
1344300932,מועדונים לזקנים,"349,500.00","336,440.00"
1344300933,טיפול בזקן בקה,"171,000.00","166,814.00"
1344300935,מסגרת יומית לזקן,"479,000.00","697,342.00"
1344300936,נופש לזקן,"11,250.00",
1344400932,טיפול בניצולי שואה,"100,000.00","102,569.00"
1345100930,סידור מפגרים במוס,"12,024,846.00","13,092,325.00"
1345100931,מפגרים במוסד ממשל,"3,472,500.00","3,191,304.00"
1345100932,מסגרות יום אר,"45,000.00","44,123.00"
1345100933,טיפול בהורים וילד,"81,000.00","36,032.00"
1345100934,מפגרים במעון טיפו,"731,583.00","839,340.00"
1345100935,שרותים תומכים למפ,"57,750.00","109,965.00"
1345100936,נופשונים למפגר,"22,500.00","8,644.00"
1345100937,השת' בשכר עובדי מ,"670,000.00","601,957.00"
1345100938,מעונות יום שיקומי,"22,896.00","15,364.00"
1345100939,משפחה אומנה למפגר,"42,000.00","42,369.00"
1345200930,אחזקת אוטיסטים,"1,770,000.00","1,975,782.00"
1345200931,מרכז יום שיקומי למפגרים,,"105,442.00"
1345200932,מעון יום שיקומי לאוטיסט,"367,353.00","222,707.00"
1345200933,הוצ אחרות ותשלו ל,"712,500.00","887,680.00"
1345200934,מרכז יום תעסוקה לבוגרים אוטיסטים,"65,142.00","79,222.00"
1345200935,נופשונים וקיטנות לאוטיסטים,"5,000.00",411
1345400610,הכנ ממעש מכירות,"400,000.00","519,290.55"
1345400930,"חניכים במע,ש חוץ","151,569.00","298,955.00"
1345400931,השתתפות בשכר עובד,"1,700,000.00","1,450,036.00"
1345400932,הסעות למפגר,"172,500.00","78,974.00"
1345400933,"מועדונים חברתיים למפגר אקי""ם","63,099.00","66,248.00"
1346300932,שיקום העיור בקהיל,"13,500.00","4,612.00"
1346300934,הדרכת עיור ובני ב,"41,250.00","39,865.00"
1346400935,מפעלי שיקום לעיור,"60,000.00",
1346400936,מפעלי תעסוקה ומוע,"54,000.00","73,589.00"
1346400937,תעסוקה נתמכת לנכים,"105,000.00","75,146.00"
1346500930,נכים במשפחות אומנ,"251,250.00","209,507.00"
1346500931,תוכנית מעבר,"45,000.00","37,270.00"
1346500933,טיפול במשפחות אומ,"33,750.00","28,236.00"
1346500937,אחזקת נכים בפנימי,"3,307,500.00","2,959,223.00"
1346500938,מעונות ממשלתים שי,"112,500.00","105,300.00"
1346600930,מסגרת לילד המוגבל,"225,000.00","63,803.00"
1346600931,הסעות לגן שיקומי,"398,201.00","296,513.00"
1346600932,ליווי להסעות לגן,"129,069.00","109,833.00"
1346600933,נופשונים והבראה ל,"22,500.00",603
1346600936,מעון יום שיקומי לנכים,"300,000.00","304,434.00"
1346600939,תעסוקה מוגנת למוג,"251,250.00","269,595.00"
1346700930,תוכנית לילד החריג,"69,750.00","10,869.00"
1346700931,הסעות נכים,"18,750.00","25,278.00"
1346700932,קהילה תומכת לנכים,"45,000.00","20,683.00"
1346700933,שכר קהילה תומכת ל,"195,000.00","150,998.00"
1346700934,מועדונם חברתים לבוגרים רגיש נגיש,"37,500.00","40,768.00"
1346800930,מרכזי אבחון ושיקו,"117,000.00","73,105.00"
1346800931,שיקום נכים בקהילה,"48,750.00","27,636.00"
1346800932,נכים קשים בקהילה,"108,900.00","53,133.00"
1346800933,בוגרים עיוורים בקהילה מועדונית,"26,250.00","14,749.00"
1346800934,שכר פעולות למועדון לעיוור,"20,052.00","30,689.00"
1346800935,מרכז יום לנכים קשים,"90,000.00",
1347100931,טיפול נערות במצוק,"113,347.50","160,348.00"
1347100932,טיפול בנוער ובצעי,"95,250.00","43,706.00"
1347100935,מקלטים לנשים מוכו,"337,500.00","114,320.00"
1347100936,טיפול בנוער וצעיר,"38,250.00","115,133.00"
1347300931,סמים טיפול בקהילה,,
1347300932,בדיקות למשתמשי סמ,"7,500.00","6,061.00"
1347300933,מתאם למלחמה בסמים,"490,000.00","240,759.00"
1347300934,טיפול במפגע סמים,"30,000.00","48,235.00"
1347300935,איתור נוער מכור,"20,000.00",
1347300936,התמכרויות חוץ ביתי,"15,000.00","5,536.00"
1347300938,שכר איתור נוער מכור,"480,000.00","513,041.00"
1347400936,שכר תוכנית מעטפת,"203,200.00","105,826.00"
1347400937,"מפת""ן ממשלתי","45,000.00","8,381.00"
1347400938,מפתן מקומי אחזקה,"686,781.00","683,492.00"
1347400939,תוכנית מעטפת פעולות,"236,000.00","114,309.00"
1347600930,נפגעות תקיפה מינית,"52,500.00","45,468.00"
1347600931,שכר נפגעות תקיפה מינית,"88,583.00","87,269.00"
1348200930,עבודות קהילתיות,"45,000.00","15,376.00"
1348300933,ממשלה לפעולות התנ,"30,000.00","13,361.00"
1348300934,לשכת יעוץ לאזרח,"3,750.00","1,925.00"
1348500930,ממש שקום שכונות,"8,250.00","1,886.00"
1348500934,שיקום שכונות פעולות,"30,000.00","29,196.00"
1349000931,מעונות יום עולים,"90,000.00","155,723.00"
1349000935,מפגרים בקהילת עול,"837,000.00","882,063.00"
1349000936,ילדים בפנימית עול,"709,020.00","318,564.00"
1349000937,טיפול בזקנים עולי,"112,500.00","75,736.00"
1349000939,ילדים במצוקת עולי,"66,375.00","55,840.00"
1349100930,משפחות עולים במצוקה,"37,500.00","38,734.00"
1349100931,אבחנה ושיקום נכים עולים,"37,500.00","9,599.00"
1360000440,הכנסות שונות לקלי,"24,000.00","24,506.30"
1360000950,מענק קליטת עלייה,"1,000,000.00","954,667.70"
1379000690,הכנסות מקנסות איכ,"250,000.00","203,547.50"
1413100210,אגרות מים,"300,000.00","381,611.04"
1413100440,חיובי מים,,837.6
1413100650,הכנסות ממכירת נכס,"4,000,000.00","4,060,305.00"
1413200220,מדי מים חבור צרכנ,,
1420000490,בתי מטבחיים הכנסו,,
1433000640,הכנסות משכר דירה,"850,000.00","1,825,049.34"
1437000220,שוק עירוני דמי תפ,"10,000.00","-10,265.40"
1443200610,תגים וכרטיסי חניה,"5,200,000.00","4,403,197.59"
1472000210,אגרת ביוב,"100,000.00","251,892.83"
1511000660,הכנסות מריבית ודי,"220,000.00","529,777.16"
1513000690,ביטול יתרות ספק.ז,"100,000.00","-81,882.00"
1591000540,הכנסות מבטוח לאומ,"200,000.00","509,244.29"
1591900540,הכנסות מחב' ביטוח,"50,000.00","23,581.00"
1591900590,קרן פיתוח,"18,638,962.35","12,961,580.00"
1591900690,הכנסות ממכרזים,"50,000.00","39,750.00"
1594000690,החזרות והכנסות שו,"600,000.00","702,585.97"
1599900910,מענקים שונים,"800,000.00","983,348.00"
,"סה""כ תקבולים","551,669,298.85","509,668,055.19"
1611000110,שכר לשכת סגני ראש,"1,771,766.78","1,476,262.53"
1611000511,כיבוד וארוח,"12,000.00","6,965.59"
1611000530,אחזקת רכב וביטוח,"240,000.00","189,256.81"
1611000540,בולים טלפון ומברק,"8,000.00","9,773.70"
1611000780,הוצאות הנהלה ומוע,"25,000.00","25,321.97"
1611100110,שכר ראש הרשות וסג,"2,684,146.08","2,840,821.48"
1611100511,ארוח וכיבוד,"40,000.00","28,480.04"
1611100530,אחזקת מכוניות ובט,"65,000.00","51,557.54"
1611100540,בולים טלפון ומברק,"70,000.00","64,457.24"
1611100750,עבודות קבלניות,"382,000.00","379,586.37"
1611100751,קשרי חוץ,"78,000.00","77,768.12"
1611100752,מועצה ציונית,,
1611100753,מועצת נשים,"35,000.00","32,341.10"
1611100754,יוזמות ראש העיר לאזרחים ותיקים,"100,000.00","90,846.98"
1611100755,נציב הדורות הבאים,"50,000.00","50,000.00"
1611100780,הוצאות אחרות,"40,000.00","50,662.62"
1611100781,הוצאות אבטחהראש העיר ומנכל,"50,000.00","63,736.17"
1611100782,שיפור שירות לתושב,"600,000.00","559,980.75"
1612000110,שכר מבקר  העיריה,"555,620.32","701,429.02"
1612000410,שכר דירה ודמי חכי,"54,516.00","65,327.00"
1612000530,אחזקת רכב וביטוח,,0.01
1612000540,בולים טלפון ומברק,"4,800.00","2,725.58"
1612000750,שרותי חוץ,"90,000.00","90,000.00"
1612000780,הוצאות אחרות,"6,000.00","7,713.20"
1613000110,שכר מזכיר העיר ומ,"2,059,640.63","2,189,905.52"
1613000430,מאור ומים,"6,700.00","3,674.90"
1613000530,אחזקת רכב וביטוח,"80,000.00","90,372.08"
1613000540,בולים טלפון ומברק,"14,000.00","17,662.24"
1613000750,עבודות קבלניות,"390,000.00","395,441.24"
1613000751,שיפור שירות לתושב,"500,000.00","487,779.10"
1613000752,שיפור חזות העיר,"720,000.00","654,279.00"
1613000780,הוצאות אחרות,"100,000.00","67,744.60"
1613000781,הוצאות אחרות מזכי,"50,000.00","45,226.45"
1614000110,שכר דוברות והסברה,"479,129.98","465,614.14"
1614000540,בולים טלפון ומברק,"3,500.00",747.16
1614000550,הוצאות פרסום,"465,000.00","477,716.56"
1614000750,עבודות קבלניות,"300,000.00","233,029.30"
1614000780,הוצאות שונות,"1,000.00",950.4
1615000110,שכר כח אדם,"1,810,680.06","1,723,667.93"
1615000410,שכר דירה ודמי חכירה,"92,040.00","143,462.00"
1615000521,השתלמויות,"100,000.00","26,640.00"
1615000522,ספרות מקצועית,"28,000.00","26,065.86"
1615000530,אחזקת רכב וביטוח,"73,000.00","51,555.87"
1615000540,בולים טלפון ומברק,"15,600.00","17,939.68"
1615000550,הוצאות פרסום,"50,000.00","52,966.00"
1615000750,עבודות קבלניות,"200,000.00","187,630.97"
1615000751,יוזמות ראש העיר לרווחת העובד,"100,000.00","101,137.30"
1615000780,הוצאות אחרות,"10,000.00","9,505.50"
1615100110,עובדים לא משובצים,"1,122,275.40","582,444.95"
1617000110,שכר יח משפטית,"2,782,161.53","2,642,257.96"
1617000522,ספרים ועתונים,"10,000.00","10,266.00"
1617000530,אחזקת רכב וביטוח,"55,000.00","50,205.21"
1617000540,בולים טלפוןומברקי,"10,000.00","9,546.24"
1617000581,הוצאות משפטיות,"600,000.00","484,461.82"
1617000750,ייעוץ משפטי,"750,000.00","784,468.25"
1617000780,הוצאות אחרות,"50,000.00","50,972.25"
1618000110,שכר מיחשוב,"460,714.46","489,077.65"
1618000530,אחזקת רכב וביטוח,"50,000.00","37,069.54"
1618000540,בולים טלפון ומברקים,"3,000.00","1,929.98"
1618000570,מיכון ועיבוד נתונים,"3,390,454.00","2,961,705.19"
1618000750,עבודות קבלניות,"500,000.00","348,386.69"
1618000780,הוצאות כלליות,"500,000.00","248,562.09"
1619000780,הוצאות שונות,,
1621000110,שכר גזברות,"2,124,031.72","2,137,739.99"
1621000530,אחזקת מכוניות ובט,"170,000.00","145,344.90"
1621000540,בולים טלפון ומברק,"22,000.00","16,694.11"
1621000550,הוצאות פרסום,"15,000.00","16,708.80"
1621000750,עבודות קבלניות,"200,000.00","177,024.41"
1621000780,הוצאות אחרות,"63,000.00","24,253.27"
1621300110,"שכר הנה""ח ושכר","2,168,844.83","1,961,979.09"
1621300540,בולים טלפון ומברק,"3,000.00","6,321.69"
1621300780,הוצאות אחרות,"25,000.00","31,741.15"
1623000110,שכר מח' גבייה,"2,560,767.20","2,913,261.33"
1623000540,בולים טלפון ומברק,"385,000.00","296,021.21"
1623000570,מיכון ועיבוד נתונ,,
1623000750,ע.קבלניות+הוצל'פ,"3,790,000.00","2,926,278.16"
1623000780,הוצאות אחרות,"40,000.00","5,251.35"
1631000610,עמלות והוצאות בנק,"810,000.00","857,475.40"
1631100620,עמלות כרטיסי אשראי,"500,000.00","639,506.69"
1632000620,הוצאות מימון ריבי,"810,000.00","1,138,246.82"
1649100691,מלוות מוכרות-קרן,"18,279,541.00","19,091,419.07"
1649100692,מלוות מוכרות-ריבי,"6,407,804.00","6,073,322.99"
1649100693,מלוות מוכרות-הצמד,"2,749,242.00","2,675,608.96"
1649100694,החזר הלואות למדינה 2014,"515,300.00",
1710000110,שכר אגף תפעול,"1,187,172.31","1,967,279.44"
1710000530,אחזקת רכב וביטוח,"70,000.00","61,035.15"
1710000540,טלפון דואר ומכשירים ניידים,"5,400.00","2,509.24"
1710000550,הוצאות פרסום,"20,000.00","22,900.80"
1710000750,יוזמות ראש העיר בתפעול,"100,000.00","54,163.00"
1710000780,הוצאות שונות,"300,000.00","294,773.51"
1711000110,שכר מנהל תברואה,"2,535,983.31","2,281,070.27"
1711000530,אחזקת מכוניות ובט,"275,000.00","253,789.74"
1711000540,בולים טלפון ומברק,"30,000.00","76,183.50"
1712200750,עבודות קבלניות,"11,700,000.00","11,162,125.34"
1712300110,שכר איסוף אשפה,"176,340.07",784
1712300750,עבודות קבלניות,"36,500,000.00","36,187,791.58"
1712300751,איסוף קרטון ובקבו,"580,000.00","435,527.00"
1713000110,שכר פיקוח תברואי,"1,771,660.58","2,658,377.79"
1713000530,אחזקת רכב וביטוח,"220,000.00","200,298.28"
1713000540,טלפון דואר ומכשירים ניידים,"15,500.00",
1714200110,שכר פקוח וטרינרי,"1,472,922.19","1,503,297.92"
1714200430,מאור ומים,"5,000.00","3,819.74"
1714200530,אחזקת מכוניות ובט,"82,000.00","79,711.16"
1714200540,בולים טלפון ומברק,"21,000.00","18,587.15"
1714200720,חמרים,"50,000.00","17,647.00"
1714200750,עבודות קבלניות,"81,800.00","65,496.45"
1714200780,הוצאות אחרות,,
1715200750,ע.קבלניות תב.מונע,"500,000.00","395,128.24"
1715200751,הדברה,"250,000.00","241,495.00"
1722000110,שכר שמירה בטחונית,"1,596,410.23","1,389,389.75"
1722000530,אחזקת מכוניות ובט,"83,000.00","106,603.89"
1722000540,בולים טלפון ומברק,"11,100.00","7,689.21"
1722000780,הוצאות אחרות,"10,000.00","8,229.99"
1722100430,חשמל ומים,"9,200.00","6,779.96"
1722100750,עבודות קבלניות,"14,000.00","8,529.06"
1722100780,הוצאות אחרות,"10,000.00","3,631.27"
1722200110,שכר משטרה עירונית,,
1722200430,מאור ומים,,
1722200530,אחזקת רכב וביטוח,,
1722200540,בולים טלפון ומברק,,"1,835.61"
1722200780,הוצאות אחרות,,
1722300110,שכר שיטור עירוני,"1,814,355.63","1,694,137.66"
1722300430,מאור ומים,"26,000.00","62,419.55"
1722300530,אחזקת רכב וביטוח,"250,000.00","243,404.18"
1722300540,טלפון דאר ומכשירים ניידים,"40,000.00","25,728.69"
1722300780,הוצאות אחרות,"200,000.00","131,773.70"
1722400110,שכר יחידת האבטחה,"896,391.97","1,095,978.66"
1723000420,תקונים חשמל חמרים,"27,000.00","27,804.75"
1723000430,"מקלטים,מאר כח מים","30,000.00","113,236.77"
1723000830,"השתתפות בהג""א","570,000.00","529,534.25"
1724000830,השת.בא.ערים כבוי,"2,235,783.00","1,985,418.00"
1731000110,שכר מש.מהנדס הרשו,"7,210,933.59","7,026,972.27"
1731000410,שכר דירה ודמי חכי,"77,880.00","77,880.00"
1731000430,מאור ומים,"20,000.00","9,806.05"
1731000522,ספרות מקצועית,"3,100.00","3,099.98"
1731000530,אחזקת רכב וביטוח,"92,000.00","114,944.71"
1731000540,בולים טלפון ומברק,"54,000.00","60,147.65"
1731000550,הוצאות פרסום,"30,000.00","31,224.20"
1731000750,עבודות קבלניות,,
1731000780,הוצאות אחרות,"200,000.00","183,084.56"
1732000110,שכר תכנון העיר,"1,349,056.67","1,010,459.47"
1732000750,עבודות קבלניות,"2,000.00","2,030.00"
1733000110,שכר רישוי ופקוח ב,"1,325,082.01","1,254,074.43"
1733000750,עבודות קבלניות,,
1734000110,שכר פיתוח כבישים,"1,725,004.09","1,641,515.16"
1734000410,שכר דירה ודמי חכי,"230,425.68","234,369.00"
1734000530,אחזקת רכב וביטוח,"62,000.00","55,086.31"
1734000750,עבודות קבלניות,"330,000.00","249,566.58"
1742000110,שכר אחזקת כבישים,"1,599,741.38","1,723,395.02"
1742000410,שכר דירה ודמי חכירה,"108,000.00","104,263.41"
1742000530,אחזקת מכוניות ובט,"73,000.00","106,325.00"
1742000540,בולים טלפון ומברק,"16,000.00","12,469.59"
1742000750,עבודות קבלניות,"400,000.00","393,763.97"
1742000780,הוצאות אחרות,,
1743000110,שכר תאורת רחובות,"2,430,850.56","2,594,133.69"
1743000430,מאור כח חימום מים,"28,000.00","37,018.90"
1743000530,אחזקת מכוניות ובט,"280,000.00","273,396.49"
1743000540,בולים טלפון ומברק,"18,000.00","16,719.68"
1743000720,חמרים,"120,000.00","112,370.10"
1743000750,עבודות קבלניות,"50,000.00","36,327.41"
1743000760,חשמל ודלק לפעולות,"3,120,000.00","4,918,135.65"
1743000780,הוצאות אחרות,,
1744000110,שכר בטיחות בדרכים,"557,304.62","475,795.08"
1744000410,שכירות לבטיחות בד,"70,800.00","60,735.92"
1744000750,עבודות קבלניות,"50,000.00","46,689.40"
1744000780,הוצאות אחרות,"150,000.00","135,048.94"
1744000781,מטה בטיחות עירוני,"22,500.00","18,291.26"
1746000110,שכר גנים ונטיעות,"474,270.52","645,489.14"
1746000430,גינון,,
1746000432,מים,"2,995,000.00","1,900,762.05"
1746000530,אחזקת רכב וביטוח,"82,000.00","78,729.67"
1746000540,בולים טלפון ומברק,"12,000.00","10,409.60"
1746000740,כלים מכשירים וציו,"10,000.00","2,000.00"
1746000750,עבודות קבלניות,"5,000,000.00","4,987,423.59"
1747000110,שכר מח' חופים,"6,011,452.41","6,027,718.84"
1747000430,מאור כח חימום מים,"40,000.00","32,305.86"
1747000530,אחזקת מכוניות ובט,"130,000.00","176,250.02"
1747000540,בולים טלפון ומברק,"29,000.00","25,669.93"
1747000720,חמרים,"20,000.00","19,942.00"
1747000740,כלים מכשירים וציו,,
1747000750,עבודות קבלניות,"320,000.00","320,598.06"
1747000751,קבלניות לפארק נחל,"395,500.00","378,030.80"
1747000752,חוף כפר הים וחופים לא מוכרזים,"170,000.00","50,386.00"
1747000810,השתתפות בבריכת אק,"700,000.00","705,026.43"
1749000110,שכר רכש ואספקה,"2,434,318.32","2,171,479.22"
1749000430,מאור כח חימום מים,"525,000.00","533,025.76"
1749000432,מים,"875,000.00","870,975.47"
1749000440,ביטוח,"3,000,000.00","3,220,098.30"
1749000450,רהוט ואחזקתו,"16,000.00","11,586.35"
1749000530,החזקת מכוניות ובט,,45.59
1749000540,בולים טלפון ומברק,"1,155,000.00","1,154,019.40"
1749000550,פרסומים,"45,000.00","49,161.00"
1749000560,מכשירי כתיבה והדפ,"60,000.00","50,162.46"
1749000720,חומרים,"50,000.00","48,444.56"
1749000740,כלים מכשירים וציו,"10,000.00","9,543.16"
1749000750,עבודות קבלניות,"20,000.00","19,630.88"
1749000780,הוצאות אחרות,"70,000.00","40,115.59"
1751000780,הוצ' אחרות לעצמאו,"150,000.00","142,535.00"
1752000110,שכר מחלקת ארועים,"8,649,393.81","9,040,732.60"
1752000430,מאור ומים,"4,000.00",
1752000530,אחזקת מכוניות ובט,"596,000.00","590,821.03"
1752000540,בולים טלפון ומברק,"47,000.00","45,068.81"
1752000720,חומרים,"50,000.00","22,734.37"
1752000750,עבודות קבלניות,"150,000.00","136,039.77"
1752000780,הוצ' אחרות לטכסים,"140,000.00","114,336.44"
1761000110,שכר מוקד עירוני,"1,467,841.61","1,367,644.77"
1761000530,אחזקת רכב וביטוח,"25,000.00","21,369.64"
1761000540,בולים טלפון ומברק,"210,000.00","130,391.28"
1761000750,עבודות קבלניות,"48,000.00","42,095.44"
1761000780,הוצאות שונות,"6,000.00","4,671.90"
1764000110,שכר תרבות הדיור,"295,242.09","266,716.94"
1764000540,בולים טלפון ומברק,"6,300.00","5,162.53"
1764000780,הוצאות אחרות,"2,000.00",333.92
1765000750,טיפוח יזמות מ.ט.י,,
1765000811,דמי חבר לשלטון המ,"220,000.00","236,516.00"
1765000812,רשות הנקוז,"618,382.00","624,580.00"
1765000813,הקרן לפיתוח חדרה,"350,000.00","320,826.00"
1765000820,תמיכות,"1,000,000.00","700,000.00"
1765000830,השתת.באג.ערים לאי,"140,000.00","166,619.00"
1766000110,שכר ועד מקומי,"241,853.41","249,093.38"
1766000780,הוצאות אחרות,"900,000.00","903,827.00"
1766000810,פעולות תרבות לעוב,"645,000.00","645,000.00"
1771000750,עבודות קבלניות,"950,000.00","950,000.00"
1771000780,הוצאות שונות,"250,000.00","250,000.00"
1772000110,שכר מנהלת תעשיות,"499,327.87","612,031.61"
1772000530,אחזקת רכב וביטוח,"60,000.00","40,296.92"
1772000751,עידוד עסקים,"120,000.00","150,000.00"
1780000110,שכר מינהל משב,"760,104.89","776,149.36"
1780000410,שכר דירה,"324,015.02","336,253.00"
1780000430,מאור ומים,"55,000.00","66,398.18"
1780000530,אחזקת רכב וביטוח,"62,000.00","41,153.58"
1780000540,טלפון דואר ומכשירים ניידים,"6,000.00","6,111.83"
1780000550,הוצאות פרסום,"20,000.00","27,118.40"
1780000780,הוצאות אחרות,"80,000.00","84,572.00"
1781000110,שכר פיקוח עירוני,"2,849,311.35","2,080,582.06"
1781000530,אחזקת מכוניות ובט,"249,000.00","304,323.05"
1781000540,בולים טלפון ומברק,"74,000.00","90,348.70"
1781000750,קבלניות פקוח ערונ,,
1781000751,עמלת זכיין חניה,"2,555,000.00","6,299,181.57"
1781000780,הוצאות אחרות,,977.8
1782000110,שכר בית משפט מקומ,"503,556.81","508,084.47"
1782000410,שכר דירה ודמי חכי,"92,040.00","60,060.00"
1782000430,מאור ומים,"21,230.00","15,952.81"
1782000540,בולים טלפונים ומב,"45,000.00","43,007.58"
1782000750,עבודות קבלניות,"450,000.00","433,343.45"
1782000780,הוצאות אחרות,"7,000.00",174.9
1791000110,שכר- שירות חקלאי,"678,457.31","623,940.13"
1791000530,אחזקת מכוניות ובט,"92,000.00","90,396.38"
1791000540,בולים טלפון ומברק,"9,750.00","8,395.30"
1791000780,הוצאות אחרות,"2,500.00","1,117.60"
1811000110,שכר מינהל החינוך,"6,710,457.26","5,819,147.81"
1811000410,שכר דירה ודמי חכירה,"120,000.00","6,000.00"
1811000430,מאור ומים,"79,000.00","78,999.89"
1811000431,חשמל וטכנודע,"330,000.00","330,000.00"
1811000530,אחזקת מכוניות ובט,"160,000.00","163,509.99"
1811000540,בולים טלפון ומברק,"70,000.00","52,423.81"
1811000550,הוצאות פרסום,"20,000.00","23,334.00"
1811000750,יוזמות חינוכיות,"100,000.00","99,349.00"
1811000751,הוצאות מחלקת רישום,"100,000.00","88,297.13"
1811000780,הוצאות שונות,"100,000.00","98,692.33"
1811000781,ביטוח רפואי,"640,000.00","735,890.00"
1811000782,ק.חדרה לנשים חילו,"10,000.00","1,652.00"
1811000783,תכנית רב שנתית לחינוך,"1,440,000.00","1,391,264.90"
1811000784,עדלא ידע בתי ספר,"350,000.00","329,090.90"
1811000810,עבודות קבלניות טכ,"1,750,000.00","1,750,000.00"
1812200110,"שכר גנ""י חובה","16,450,808.35","19,349,256.57"
1812200410,שכר דירה דמי חכיר,"424,440.00","190,920.00"
1812200430,מאור כח חימום מים,"210,000.00","225,033.47"
1812200432,מים,"250,000.00","139,001.27"
1812200743,מחשבים לגני ילדים,"30,000.00","23,000.00"
1812200750,קבלניות,"395,000.00","341,779.61"
1812200752,"בנות שרות לאומי בגנ""י","60,000.00","55,770.76"
1812200780,הוצאות אחרות,"663,000.00","672,913.39"
1812200781,"גני ילדים אגו""י ו",,
1812200782,גני ילדים מעין הת,,
1812200980,יוזמות חינוכיות,"1,181,800.00","973,853.11"
1812300430,מאור כח חימום מים,"520,000.00","629,147.77"
1812300432,מים,"250,000.00","139,002.27"
1812300780,הוצאות אחרות,"440,000.00","569,823.63"
1812300821,השת.בשכר גננות,"20,500,000.00","20,988,205.13"
1813200110,"שכר בתי""ס יסודיים","27,086,713.00","28,899,339.77"
1813200430,מאור כח חימום מים,"950,000.00","956,035.62"
1813200432,מים,"1,650,000.00","1,357,842.62"
1813200743,מחשבים לבתי ספר,"90,000.00","81,157.00"
1813200750,עבודות קבלניות,,
1813200751,שמירה במוסדות חינ,"5,840,000.00","5,242,896.95"
1813200752,בנות שרות לאומי,"120,000.00","100,875.75"
1813200780,הוצאות אחרות,"1,600,000.00","1,385,696.94"
1813200781,ניהול עצמי,"3,700,000.00","3,416,736.00"
1813200782,בחירת הורים מבוקרת,,"64,021.00"
1813200980,יוזמה חנוכית,"2,777,866.00","2,388,065.78"
1813300110,"שכר בתי""ס מיוחדים","3,946,112.12","3,796,629.74"
1813300430,מאור כח חימום מים,"60,000.00","60,000.00"
1813300432,מים,"50,000.00","27,800.05"
1813300780,הוצאות אחרות,"670,000.00","648,307.31"
1813500780,מוסדות מורכים שאינם רשמיים,"4,671,974.00","4,190,328.26"
1813600760,תלמידים הלומדים מ,"2,600,000.00","2,613,398.00"
1813700110,שכר חוה חקלאית,"135,937.14","195,027.81"
1813700430,מאור כח חימום מים,"15,000.00","26,877.97"
1813700720,חמרים,"96,000.00","171,490.80"
1814000430,מאור כח חימום,"400,000.00","491,249.11"
1814000780,הוצאות אחרות,"250,000.00","236,282.95"
1814000781,היחידה לקידום נער,"20,000.00",
1814000810,"הקצבות לחט""ב","1,100,000.00","1,041,207.50"
1815200110,שכר תיכון תחכמוני,"798,242.87","1,444,591.20"
1815200780,מכון ברנקו וייס,"200,000.00","200,000.00"
1815200781,מניעת נשירה,"45,000.00","45,000.00"
1815200980,יוזמות חינוכיות,"828,000.00","798,800.00"
1815400783,קריית נריה חטב וח,"100,000.00",
1816500750,תמיכות מיחשוב,"240,000.00","234,432.91"
1816600780,הקמת מכללה,"204,000.00","200,090.00"
1816700810,סטודיו אומן,"100,000.00",
1816800850,קרן מלגות עירונית,"120,000.00","119,950.00"
1817200110,שכר מח פדגוגית,"258,081.51","299,018.20"
1817200410,שכר דירה ודמי חכי,"289,033.92","296,978.00"
1817200540,בולים טלפון ומברק,"2,440.00","2,033.19"
1817200780,הוצאות אחרות,"72,000.00","125,234.00"
1817300110,שרות פסיכולוגי חי,"3,256,870.41","3,172,642.20"
1817300430,מאור כח חימום מים,"19,500.00","21,412.35"
1817300540,בולים טלפון ומברק,"3,500.00","4,320.64"
1817300750,עבודות קבלניות,"30,000.00","29,887.87"
1817300780,הוצאות אחרות,"10,000.00","8,291.91"
1817600110,שכר רווחה חינוכית,"612,150.22","355,784.72"
1817600780,הוצאות אחרות,"500,000.00","402,237.00"
1817600782,התוכנית הלאומית לילדים ונוער בסיכון,"500,000.00","570,683.00"
1817600783,תוכנית תהל,"836,000.00","652,648.00"
1817700110,שכר תוכנית לאומית לילדים ונוער בסיכון,"64,704.28","53,279.27"
1817800710,הסעת ילדים הובלות,"11,832,000.00","12,280,975.97"
1817800711,החזר נסיעות לתלמי,"75,000.00","74,994.00"
1817900110,שכר מועדוניות,,
1817900780,הוצאות אחרות,,
1819200110,שכר אחז.מבני חינו,,
1819200530,אחזקת מכוניות ובט,,
1819200720,חמרים,"26,000.00","2,300.00"
1819200740,כלים מכשירים,"8,500.00",
1819200750,עבודות קבלניות,"300,000.00","292,206.64"
1819200751,הוצאות בגין שיפוצי קיץ,"504,000.00","475,467.01"
1821100110,שכר עיר ללא אלימו,"4,659.48","2,805.46"
1821200110,שכר עיר ללא אלימו,"93,291.69","79,755.79"
1821200780,פעולות עיר ללא אל,"69,490.00","58,572.90"
1821300780,פעולות עיר ללא אל,"300,000.00","297,406.49"
1821300781,פעילות עיר ללא אלימות בעמותה,"153,000.00","153,000.00"
1821400780,תוכנית שמיד בעמותה,"553,950.00","547,310.31"
1822000110,שכר תרבות כללית,"1,456,920.86","1,426,710.51"
1822000410,שכר דירה ודמי חכי,"197,234.64","167,110.00"
1822000430,חשמל עמותה,"550,000.00","385,541.19"
1822000432,מים,"380,000.00","389,877.00"
1822000530,אחזקת רכב וביטוח,"22,000.00","13,206.00"
1822000540,בולים טלפון ומברק,"26,000.00","12,511.94"
1822000550,פרסום,"200,000.00","178,047.40"
1822000810,השת בעמו תרבות נו,"8,228,000.00","9,025,258.06"
1822000811,אירועי תרבות,"400,000.00","400,000.00"
1822000812,הוצאות לאירועי חג,"980,000.00","980,000.00"
1822000813,שישי שוק,"50,000.00","12,039.00"
1823000110,שכר ספריה עירונית,"2,686,451.84","2,758,392.14"
1823000780,השתתפות בשכר ספרניות,"500,000.00","500,000.00"
1824000110,"שכר עובדי מתנ""ס","276,390.93","270,327.23"
1824000810,הקצבות    למתנס,"1,700,000.00","1,700,000.00"
1825200811,תזמורת קאמרית,"180,000.00","135,000.00"
1825200812,להקת מחול עירונית,"72,000.00","72,000.00"
1825200813,מקהלת פרחי חדרה,"72,000.00","72,000.00"
1825200814,מרכז צעירים,"380,000.00","353,561.00"
1825200815,תנועות נער,"250,000.00","233,189.00"
1826200811,השתתפות מוזיאון,"400,000.00","400,000.00"
1826400812,הקצבה ליד לבנים,"480,000.00","480,000.00"
1827000110,שכר חינוך תורני,"743,834.95","1,029,152.66"
1827000410,שכר דירה,"28,320.00",
1827000530,אחזקת רכב וביטוח,,"17,022.22"
1827000540,בולים טלפון ומברק,"31,500.00","17,160.18"
1827000780,פעילות תרבות וקהילה,"700,000.00","661,341.87"
1827000781,פעולות לתרבות תור,"571,680.00","556,808.97"
1827000782,פעולות מותנות הכנסה אגף לתרבות וקהילה,"100,000.00","209,554.82"
1827000783,אירועי תרבות תורניים,"120,000.00","119,079.72"
1828100110,שכר מועדונים-מינה,,"2,227.58"
1828200110,שכר - מועדוני נוע,"3,315,669.83","3,410,172.95"
1829300110,שכר ספורט עירוני,"2,620,746.23","2,601,984.72"
1829300810,העברות לאגודות הס,"500,000.00","530,334.00"
1829300811,פעילות ספורט,"600,000.00","567,831.00"
1832400810,השת.בטיפת חלב,"40,000.00","95,821.01"
1836200810,השתת' נט'ן,"210,000.00","214,168.00"
1841000110,שכר מינהל רווחה,"15,240,000.00","15,132,992.41"
1841000410,שכירות משרדים לרו,"959,240.88","1,011,136.05"
1841000430,מאור כח מים,"230,000.00","219,116.00"
1841000450,ריהוט,"45,000.00","38,135.38"
1841000530,אחזקת רכב וביטוח,"62,000.00","64,033.16"
1841000540,בולים טלפון ומברק,"76,700.00","64,749.50"
1841000550,פרסומים,"20,000.00","22,970.60"
1841000780,הוצאות    אחרות,"100,000.00","111,395.23"
1841000781,יוזמות אגפיות,"120,000.00","117,787.50"
1841000810,שיפוי בגין ניזקי הסופה,,
1842200110,שכר עובדי אלכוהול,"809,074.00","652,949.26"
1842200820,טיפול באלכוליסטים,"37,000.00","27,197.90"
1842200821,משפחות במצוקה בקהילה,"226,400.00","256,799.91"
1842200824,טיפול בדרי רחוב,"895,000.00","805,785.00"
1842200825,מס' ארציות דרי רח,"20,000.00",
1842300110,שכר תחנה לטיפול משפחתי,"81,620.03","162,977.64"
1842400110,שכר עובדי אלימות,"1,074,369.55","941,127.64"
1842400821,מרכזי טיפול באלימ,,124
1842400822,תחנה לטיפול משפחת,"380,000.00","322,324.27"
1842400823,טיפול בפרט ובמשפחה,"5,000.00",
1842400824,סיוע מיוחד למשפחות עם ילדים,"236,000.00","220,046.00"
1843400110,שכר לטיפול בילד בקהילה,"444,500.00","123,158.41"
1843500110,שכר לטיפול בהורים,"493,728.74","551,138.42"
1843500821,טיפול בהורים וילדים,"204,871.00","181,042.92"
1843500822,יצירת קשר הורים ילדים,"42,000.00","33,743.00"
1843500823,טיפול בילד בקהילה,"1,255,500.00","1,070,468.39"
1843500825,טיפול בילדים בסיכון הפעלת חוק סדרי דין,"309,000.00","170,439.00"
1843600110,שכר יצירת קשר,"91,000.00","41,676.60"
1843800110,שכר תוכנית לאומית לילד ולנוער,"330,000.00","342,214.90"
1843800820,אחזקת ילדים בפנמי,"12,750,160.00","12,049,420.00"
1843800821,טיפול במשפחות אומ,"534,000.00","513,797.00"
1843800823,תכנית לאומית ילדים ונוער,"354,000.00","431,697.96"
1843900110,תוכנית לאומית נוער וצעירים,"102,025.04","165,670.59"
1843900820,ילדים במעונות יום,"3,580,000.00","3,562,637.00"
1843900821,תוכנית לאומית לנוער וצעירים,,
1843900822,תוכנית בשבילי,"100,000.00","63,437.00"
1843900823,טיפול בפגיעות מיניות,"205,000.00","200,259.00"
1844300820,אחזקת זקנים במעונ,"4,020,000.00","3,311,240.00"
1844300821,שכונה תומכת,"400,000.00","371,527.00"
1844300822,נופשונים לזקן,"15,000.00",
1844400820,מועדונים לזקנים,"466,000.00","462,008.80"
1844400821,טיפול בזקן בקהילה,"228,000.00","224,626.00"
1844400823,טיפול בניצולי שואה,"100,000.00","99,758.00"
1844500810,מרכזי יום לקשיש,"1,100,000.00","1,069,187.00"
1845100820,סידור מפגרים במוס,"16,033,128.00","17,483,218.00"
1845100821,מפגרים במוסד ממשל,"4,630,000.00","4,259,632.00"
1845101821,אחזקת אוטיסטים,"1,770,000.00","1,975,782.00"
1845101822,משפחות אומנה למפג,"56,000.00","56,493.00"
1845200110,שכר עובדי מסגרת י,"895,779.82","847,118.95"
1845200820,מסגרות יום ארוך,"60,000.00","52,611.44"
1845200821,טיפול בהורים וילדים אוטיסטים,"108,000.00","50,822.00"
1845200822,מפגרים במעון טיפו,"975,744.00","1,183,352.00"
1845200823,מרכז יום שיקומי לאוטיסט,"489,804.00","361,083.00"
1845200824,מפגרים במכון אימוני,"30,528.00","20,485.00"
1845200825,מרכז יום תעסוקה לבוגרים אוטיסטים,"86,856.00","105,632.00"
1845200826,נופשונים לאוטיסטים,"5,000.00",688
1845200827,מרכז יום שיקומי למפגר,"139,944.00","145,975.00"
1845300820,שרותים תומכים למפ,"77,000.00","146,622.00"
1845300821,נופשונים למפגר,"30,000.00","13,164.00"
1845400110,"שכר עובדי מע""ש","1,785,438.14","1,807,088.86"
1845400420,תיקונים   מעש,"40,000.00","15,360.00"
1845400720,חמרים,"93,000.00","90,961.57"
1845400780,הוצ אחר+תשל.לחניך,"959,000.00","939,844.15"
1845400781,ארוחות מעש,"400,000.00","370,591.20"
1845400820,"חניכים במע""ש חוץ","202,092.00","133,097.00"
1845400822,הסעות למפגר,"230,000.00","159,692.00"
1845400823,מועדונים חברתיים למפגר,"84,132.00","88,330.00"
1846300110,שכר מועדונים לעיור,"27,277.41","37,643.20"
1846300820,שיקום העיוור בקהי,"18,000.00","5,096.00"
1846300822,הדרכת עייור ובני,"55,000.00","53,155.00"
1846400820,מפעלי שיקום לעיוו,"80,000.00",
1846400821,מפעלי תעסוקה ומוע,"72,000.00","98,118.00"
1846400822,תעסוקה נתמכת לנכים,"140,000.00","100,195.00"
1846500820,אחזקת נכים בפנימי,"4,410,000.00","3,945,630.00"
1846500821,מעונות ממשלתים שי,"150,000.00","140,400.00"
1846500822,נכים במשפחות אומנ,"335,000.00","279,346.00"
1846500823,תוכנית מעבר,"60,000.00","49,694.00"
1846500825,טיפול במשפחות אומ,"45,000.00","37,648.00"
1846600820,תעסוקה מוגנת למוג,"335,000.00","299,065.00"
1846600821,מסגרת לילד המוגבל,"300,000.00","119,678.00"
1846600822,הסעות לגן שיקומי,"530,964.00","395,667.00"
1846600823,ליווי בהסעות לגן,"172,092.00","149,398.00"
1846600824,נופשונים והבראה ל,"30,000.00","1,016.00"
1846600826,מ.יום שיקומי לנכים,"400,000.00","488,151.00"
1846700110,שכר קהילה תומכת,"265,265.09","262,968.47"
1846700820,תוכניות לילד החרי,"93,000.00","14,491.00"
1846700821,הסעות נכים,"25,000.00","18,338.00"
1846700822,קהילה תומכת לנכים,"60,000.00","48,081.57"
1846800820,מרכזי אבחון ושיקו,"156,000.00","97,474.00"
1846800821,שיקום נכים בקהילה,"65,000.00","43,536.00"
1846800822,נכים קשים בקהילה,"145,200.00","104,599.00"
1846800823,בוגרים עיוורים בקהילה מועדונית,"35,000.00","25,027.59"
1846800824,פעילות מועדונים חברתיים לבוגרים רגיש נגיד,"50,000.00","49,507.43"
1847100110,שכר טיפול בנערות במצוקה,"152,778.41","116,289.62"
1847100821,טיפול בנערות במצו,"127,000.00","36,971.05"
1847100825,מקלטים לנשים מוכו,"450,000.00","152,427.00"
1847100826,טיפול בנוער ובצעי,"50,000.00","43,980.00"
1847200110,שכר עובדי שיקום האסיר,"149,007.57","146,728.35"
1847300110,שכר עובדי סמים ומרכז להתמכרויות,"503,771.00","367,494.90"
1847300810,סמים טיפול בקהילה,,
1847300811,בדיקות למשתמשי סמ,"10,000.00","8,081.00"
1847300812,מתאם עירוני למשתמש,"330,000.00","229,208.91"
1847300814,התמכרות חוץ ביתי,"20,000.00","7,966.00"
1847300820,טיפול בנפגעי סמים,"40,000.00","56,884.00"
1847300821,איתור נוער מכור,"20,000.00","12,658.79"
1847300822,"מפת""ן חוץ","60,000.00","11,305.00"
1847400110,תוכנית מעטפת שכר,"207,314.87","67,755.74"
1847400821,"מפת""ן מקומי החזקה","915,708.00","848,439.00"
1847400822,תוכנית מעטפת פעולות,"236,000.00","118,462.75"
1847500110,שכר איתור נוער מכור,"488,248.97","526,598.81"
1847600110,שכר נפגעות תקיפה מינית,"120,501.77","88,790.99"
1847600830,נפגעות תקיפה מינית,"70,000.00","43,541.98"
1848200820,עבודות קהילתיות,"60,000.00","24,871.76"
1848300820,הוצאו. למתנדבים,"40,000.00","20,139.80"
1848400750,"עוץ שי""ל","5,000.00","3,720.49"
1848500780,הוצאות אחרות,"30,000.00","37,014.00"
1848500820,הוצאות שיקום שכונ,"11,000.00","3,571.00"
1849000824,מעונות יום עולים,"120,000.00","203,937.00"
1849000828,מפגר בפנימיה עולי,"1,116,000.00","1,176,083.00"
1849000829,ילדים בפנימיות עו,"945,360.00","438,672.00"
1849000830,טיפול בזקנים עולי,"150,000.00","108,750.00"
1849000832,ילדים במצוקה עולי,"88,500.00","64,911.00"
1849000833,משפחות עולים במצו,"50,000.00","51,650.00"
1849000834,אבחנה ושיקום נכים,"50,000.00","12,797.00"
1851000810,השתת.לשרותי דת,"3,800,000.00","3,556,484.00"
1860000110,משכורת מח קליטה,"960,055.59","912,292.76"
1860000410,שכר דירה ודמי חכי,"148,113.60","123,896.45"
1860000430,מאור כח חימום מים,"75,000.00","32,132.27"
1860000540,בולים טלפון ומברק,"18,000.00","18,039.76"
1860000550,פירסומים,"20,000.00","21,101.60"
1860000750,עבודות קבלניות,"740,000.00","648,524.78"
1860000780,הוצאות אחרות,"5,000.00","2,911.00"
1870000110,שכר איכות הסביבה,"831,697.89","780,039.85"
1870000530,אחזקת רכב וביטוח,"145,000.00","142,508.46"
1870000780,הוצאות אחרות,"47,000.00","24,610.50"
1879000780,שימור אתרים,,
1937000430,חשמל שוק חדרה,"112,000.00","104,966.34"
1937000750,הפעלת השוק העירונ,"300,000.00","290,617.21"
1941000110,שכר מינהל רכב,"391,251.73","732,729.09"
1941000530,אחזקת רכב וביטוח,,"7,219.99"
1941000780,הוצאות שונות,"10,000.00","8,947.50"
1980000110,שכר פנסיונרים,"39,171,462.92","39,782,827.33"
1995000860,"הנחות ארנונה עפ""י","43,500,000.00",
1999999997,הוצאות שנים קודמות,"1,000,000.00","3,079,807.68"
,"סה""כ תשלומים","551,669,298.85","509,470,336.44"
,תקבולים פחות תשלומים,0,"197,718.75"
